"Date","Price","Open","High","Low","Vol.","Change %"
"06/05/2025","2,400","2,440","2,440","2,400","0.13K","-1.64%"
"06/04/2025","2,440","2,440","2,440","2,440","0.05K","0.00%"
"06/03/2025","2,440","2,440","2,440","2,440","0.17K","0.00%"
"06/02/2025","2,440","2,440","2,440","2,440","0.45K","0.00%"
"05/30/2025","2,440","2,450","2,450","2,440","0.06K","-0.41%"
"05/28/2025","2,450","2,450","2,450","2,450","0.36K","0.00%"
"05/27/2025","2,450","2,360","2,450","2,360","0.89K","3.81%"
"05/26/2025","2,360","2,380","2,380","2,360","0.50K","-0.84%"
"05/23/2025","2,380","2,370","2,380","2,370","0.72K","0.42%"
"05/22/2025","2,370","2,205","2,370","2,205","2.19K","7.48%"
"05/21/2025","2,205","2,205","2,205","2,205","0.49K","0.00%"
"05/20/2025","2,205","2,245","2,245","2,205","0.01K","-1.78%"
"05/19/2025","2,245","2,205","2,245","2,205","0.22K","1.81%"
"05/16/2025","2,205","2,245","2,245","2,205","0.79K","-1.78%"
"05/15/2025","2,245","2,250","2,250","2,245","0.20K","-0.22%"
"05/14/2025","2,250","2,280","2,280","2,250","1.72K","-1.32%"
"05/13/2025","2,280","2,245","2,280","2,245","0.60K","1.56%"
"05/12/2025","2,245","2,245","2,245","2,245","0.75K","0.00%"
"05/09/2025","2,245","2,290","2,290","2,245","0.12K","-1.97%"
"05/08/2025","2,290","2,150","2,290","2,150","0.18K","6.51%"
"05/07/2025","2,150","2,050","2,150","2,050","0.59K","4.88%"
"05/06/2025","2,050","2,090","2,090","2,050","0.12K","-1.91%"
"05/05/2025","2,090","2,080","2,090","2,080","0.51K","0.48%"
"05/02/2025","2,080","1,935","2,080","1,935","2.68K","7.49%"
"04/30/2025","1,935","1,950","1,950","1,935","0.01K","-0.77%"
"04/29/2025","1,950","1,935","1,950","1,935","0.03K","0.78%"
"04/28/2025","1,935","1,950","1,950","1,935","0.04K","-0.77%"
"04/25/2025","1,950","1,950","1,950","1,950","0.01K","0.00%"
"04/24/2025","1,950","1,820","1,950","1,820","0.25K","7.14%"
"04/23/2025","1,820","1,815","1,820","1,815","1.19K","0.28%"
"04/22/2025","1,815","1,930","1,930","1,815","0.01K","-5.96%"
"04/18/2025","1,930","1,930","1,930","1,930","0.04K","0.00%"
"04/17/2025","1,930","1,930","1,930","1,930","0.16K","0.00%"
"04/16/2025","1,930","1,930","1,930","1,930","0.03K","0.00%"
"04/15/2025","1,930","1,930","1,930","1,930","0.18K","0.00%"
"04/14/2025","1,930","1,800","1,930","1,800","0.18K","7.22%"
"04/11/2025","1,800","1,850","1,850","1,800","6.99K","-2.70%"
"04/10/2025","1,850","2,000","2,000","1,850","0.24K","-7.50%"
"04/09/2025","2,000","2,080","2,080","2,000","1.99K","-3.85%"
"04/08/2025","2,080","2,080","2,080","2,080","0.02K","0.00%"
"04/07/2025","2,080","2,085","2,085","2,080","0.00K","-0.24%"
"04/04/2025","2,085","2,000","2,085","2,000","0.22K","4.25%"
"04/02/2025","2,000","2,000","2,000","2,000","0.08K","0.00%"
"04/01/2025","2,000","2,035","2,035","2,000","0.11K","-1.72%"
"03/28/2025","2,035","2,000","2,035","2,000","0.03K","1.75%"
"03/26/2025","2,000","2,000","2,000","2,000","0.24K","0.00%"
"03/25/2025","2,000","2,045","2,045","2,000","0.02K","-2.20%"
"03/24/2025","2,045","2,050","2,050","2,045","0.00K","-0.24%"
"03/21/2025","2,050","1,945","2,050","1,945","0.10K","5.40%"
"03/20/2025","1,945","1,945","1,945","1,945","0.66K","0.00%"
"03/19/2025","1,945","1,945","1,945","1,945","5.09K","0.00%"
"03/18/2025","1,945","2,080","2,080","1,945","2.88K","-6.49%"
"03/17/2025","2,080","1,945","2,080","1,945","0.55K","6.94%"
"03/14/2025","1,945","1,945","1,945","1,945","0.12K","0.00%"
"03/13/2025","1,945","1,945","1,945","1,945","6.94K","0.00%"
"03/12/2025","1,945","1,895","1,945","1,895","0.66K","2.64%"
"03/11/2025","1,895","1,860","1,895","1,860","0.66K","1.88%"
"03/10/2025","1,860","1,875","1,875","1,860","0.42K","-0.80%"
"03/07/2025","1,875","1,875","1,875","1,875","0.53K","0.00%"
"03/06/2025","1,875","1,880","1,880","1,875","0.59K","-0.27%"
"03/05/2025","1,880","1,810","1,880","1,810","1.48K","3.87%"
"03/04/2025","1,810","1,880","1,880","1,810","0.44K","-3.72%"
"03/03/2025","1,880","1,885","1,885","1,880","2.19K","-0.27%"
"02/28/2025","1,885","1,885","1,885","1,885","0.10K","0.00%"
"02/27/2025","1,885","1,760","1,885","1,760","0.05K","7.10%"
"02/26/2025","1,760","1,900","1,900","1,760","3.16K","-7.37%"
"02/25/2025","1,900","1,900","1,900","1,900","0.52K","0.00%"
"02/24/2025","1,900","1,865","1,900","1,865","2.56K","1.88%"
"02/21/2025","1,865","1,860","1,865","1,860","0.26K","0.27%"
"02/20/2025","1,860","1,870","1,870","1,860","0.05K","-0.53%"
"02/19/2025","1,870","1,870","1,870","1,870","0.21K","0.00%"
"02/18/2025","1,870","1,990","1,990","1,870","0.91K","-6.03%"
"02/17/2025","1,990","1,995","1,995","1,990","0.06K","-0.25%"
"02/14/2025","1,995","1,995","1,995","1,995","0.48K","0.00%"
"02/13/2025","1,995","1,860","1,995","1,860","0.11K","7.26%"
"02/12/2025","1,860","1,850","1,860","1,850","0.03K","0.54%"
"02/11/2025","1,850","1,985","1,985","1,850","2.64K","-6.80%"
"02/07/2025","1,985","1,985","1,985","1,985","0.05K","0.00%"
"02/06/2025","1,985","1,975","1,985","1,975","0.06K","0.51%"
"02/05/2025","1,975","1,850","1,975","1,850","0.03K","6.76%"
"02/04/2025","1,850","1,850","1,850","1,850","0.31K","0.00%"
"02/03/2025","1,850","1,810","1,850","1,810","0.84K","2.21%"
"01/31/2025","1,810","1,945","1,945","1,810","0.52K","-6.94%"
"01/29/2025","1,945","2,100","2,100","1,945","0.34K","-7.38%"
"01/28/2025","2,100","2,105","2,105","2,100","0.10K","-0.24%"
"01/27/2025","2,105","1,960","2,105","1,960","0.26K","7.40%"
"01/24/2025","1,960","1,915","1,960","1,915","0.01K","2.35%"
"01/23/2025","1,915","1,915","1,915","1,915","0.10K","0.00%"
"01/22/2025","1,915","1,805","1,915","1,805","0.04K","6.09%"
"01/21/2025","1,805","1,950","1,950","1,805","0.12K","-7.44%"
"01/20/2025","1,950","1,960","1,960","1,950","0.27K","-0.51%"
"01/16/2025","1,960","1,960","1,960","1,960","0.22K","0.00%"
"01/15/2025","1,960","1,955","1,960","1,955","0.05K","0.26%"
"01/14/2025","1,955","1,950","1,955","1,950","0.51K","0.26%"
"01/13/2025","1,950","1,950","1,950","1,950","0.04K","0.00%"
"01/10/2025","1,950","2,050","2,050","1,950","0.32K","-4.88%"
"01/09/2025","2,050","2,050","2,050","2,050","0.01K","0.00%"
"01/08/2025","2,050","2,050","2,050","2,050","0.34K","0.00%"
"01/07/2025","2,050","2,150","2,150","2,050","0.00K","-4.65%"
"01/06/2025","2,150","2,300","2,300","2,150","0.13K","-6.52%"
"01/03/2025","2,300","2,200","2,300","2,200","0.03K","4.55%"
"01/02/2025","2,200","2,200","2,200","2,200","0.16K","0.00%"
"12/31/2024","2,200","2,150","2,200","2,150","0.28K","2.33%"
"12/27/2024","2,150","2,000","2,150","2,000","0.06K","7.50%"
"12/26/2024","2,000","2,145","2,145","2,000","0.01K","-6.76%"
"12/20/2024","2,145","2,145","2,145","2,145","0.02K","0.00%"
"12/19/2024","2,145","2,145","2,145","2,145","0.00K","0.00%"
"12/18/2024","2,145","2,145","2,145","2,145","0.01K","0.00%"
"12/17/2024","2,145","2,145","2,145","2,145","0.02K","0.00%"
"12/16/2024","2,145","2,000","2,145","2,000","0.20K","7.25%"
"12/13/2024","2,000","2,000","2,000","2,000","0.20K","0.00%"
"12/12/2024","2,000","2,000","2,000","2,000","0.38K","0.00%"
"12/11/2024","2,000","2,000","2,000","2,000","1.96K","0.00%"
"12/10/2024","2,000","1,975","2,000","1,975","0.34K","1.27%"
"12/09/2024","1,975","1,940","1,975","1,940","0.02K","1.80%"
"12/06/2024","1,940","1,940","1,940","1,940","0.07K","0.00%"
"12/05/2024","1,940","2,095","2,095","1,940","0.80K","-7.40%"
"12/04/2024","2,095","1,950","2,095","1,950","0.00K","7.44%"
"12/03/2024","1,950","1,950","1,950","1,950","0.10K","0.00%"
"11/29/2024","1,950","1,950","1,950","1,950","0.01K","0.00%"
"11/28/2024","1,950","1,950","1,950","1,950","0.86K","0.00%"
"11/27/2024","1,950","1,950","1,950","1,950","0.12K","0.00%"
"11/26/2024","1,950","2,090","2,090","1,950","1.01K","-6.70%"
"11/25/2024","2,090","2,090","2,090","2,090","0.10K","0.00%"
"11/22/2024","2,090","2,095","2,095","2,090","0.02K","-0.24%"
"11/21/2024","2,095","1,980","2,095","1,980","0.03K","5.81%"
"11/20/2024","1,980","2,095","2,095","1,980","0.17K","-5.49%"
"11/19/2024","2,095","2,000","2,095","2,000","0.00K","4.75%"
"11/18/2024","2,000","2,095","2,095","2,000","0.62K","-4.53%"
"11/13/2024","2,095","2,000","2,095","2,000","0.03K","4.75%"
"11/12/2024","2,000","2,000","2,000","2,000","0.33K","0.00%"
"11/11/2024","2,000","2,000","2,000","2,000","0.35K","0.00%"
"11/08/2024","2,000","2,000","2,000","2,000","0.23K","0.00%"
"11/07/2024","2,000","2,000","2,000","2,000","0.01K","0.00%"
"11/06/2024","2,000","2,000","2,000","2,000","0.19K","0.00%"
"11/05/2024","2,000","2,000","2,000","2,000","0.13K","0.00%"
"11/04/2024","2,000","1,985","2,000","1,985","0.71K","0.76%"
"10/31/2024","1,985","2,145","2,145","1,985","0.28K","-7.46%"
"10/30/2024","2,145","2,150","2,150","2,145","0.33K","-0.23%"
"10/29/2024","2,150","2,000","2,150","2,000","0.08K","7.50%"
"10/28/2024","2,000","2,000","2,000","2,000","0.06K","0.00%"
"10/25/2024","2,000","2,075","2,075","2,000","0.17K","-3.61%"
"10/24/2024","2,075","2,000","2,075","2,000","0.26K","3.75%"
"10/23/2024","2,000","1,990","2,000","1,990","0.21K","0.50%"
"10/22/2024","1,990","1,950","1,990","1,950","0.54K","2.05%"
"10/21/2024","1,950","2,100","2,100","1,950","0.11K","-7.14%"
"10/18/2024","2,100","2,100","2,100","2,100","0.22K","0.00%"
"10/17/2024","2,100","2,050","2,100","2,050","0.21K","2.44%"
"10/16/2024","2,050","2,050","2,050","2,050","0.10K","0.00%"
"10/15/2024","2,050","2,100","2,100","2,050","0.47K","-2.38%"
"10/14/2024","2,100","2,100","2,100","2,100","0.33K","0.00%"
"10/10/2024","2,100","2,125","2,125","2,100","0.98K","-1.18%"
"10/09/2024","2,125","2,135","2,135","2,125","0.11K","-0.47%"
"10/08/2024","2,135","2,115","2,135","2,115","0.10K","0.95%"
"10/07/2024","2,115","2,275","2,275","2,115","0.09K","-7.03%"
"10/04/2024","2,275","2,160","2,275","2,160","0.76K","5.32%"
"10/02/2024","2,160","2,275","2,275","2,160","0.06K","-5.05%"
"10/01/2024","2,275","2,150","2,275","2,150","0.48K","5.81%"
"09/30/2024","2,150","2,315","2,315","2,150","0.29K","-7.13%"
"09/27/2024","2,315","2,320","2,320","2,315","0.02K","-0.22%"
"09/25/2024","2,320","2,165","2,320","2,165","0.01K","7.16%"
"09/24/2024","2,165","2,150","2,165","2,150","0.00K","0.70%"
"09/23/2024","2,150","2,300","2,300","2,150","0.10K","-6.52%"
"09/20/2024","2,300","2,385","2,385","2,300","0.18K","-3.56%"
"09/19/2024","2,385","2,220","2,385","2,220","0.25K","7.43%"
"09/18/2024","2,220","2,395","2,395","2,220","1.19K","-7.31%"
"09/17/2024","2,395","2,400","2,400","2,395","0.01K","-0.21%"
"09/16/2024","2,400","2,400","2,400","2,400","0.00K","0.00%"
"09/13/2024","2,400","2,400","2,400","2,400","0.42K","0.00%"
"09/12/2024","2,400","2,430","2,430","2,400","0.01K","-1.23%"
"09/11/2024","2,430","2,430","2,430","2,430","0.18K","0.00%"
"09/10/2024","2,430","2,425","2,430","2,425","1.38K","0.21%"
"09/09/2024","2,425","2,260","2,425","2,260","0.12K","7.30%"
"09/06/2024","2,260","2,260","2,260","2,260","0.70K","-7.38%"
"09/05/2024","2,440","2,440","2,440","2,440","0.48K","-5.24%"
"09/04/2024","2,575","2,575","2,575","2,575","0.03K","-0.19%"
"09/03/2024","2,580","2,580","2,580","2,580","0.83K","-0.39%"
"09/02/2024","2,590","2,590","2,590","2,590","0.01K","-0.38%"
"08/30/2024","2,600","2,600","2,600","2,600","0.02K","0.00%"
"08/29/2024","2,600","2,600","2,600","2,600","0.52K","0.78%"
"08/28/2024","2,580","2,580","2,580","2,580","0.07K","7.50%"
"08/27/2024","2,400","2,400","2,400","2,400","0.20K","0.00%"
"08/26/2024","2,400","2,400","2,400","2,400","0.14K","-0.21%"
"08/22/2024","2,405","2,405","2,405","2,405","0.07K","-7.32%"
"08/21/2024","2,595","2,595","2,595","2,595","0.49K","-0.19%"
"08/20/2024","2,600","2,600","2,600","2,600","0.00K","0.00%"
"08/19/2024","2,600","2,600","2,600","2,600","0.19K","-5.11%"
"08/16/2024","2,740","2,740","2,740","2,740","0.06K","-1.97%"
"08/13/2024","2,795","2,795","2,795","2,795","0.16K","0.00%"
"08/12/2024","2,795","2,795","2,795","2,795","0.51K","7.50%"
"08/09/2024","2,600","2,600","2,600","2,600","0.32K","0.00%"
"08/08/2024","2,600","2,600","2,600","2,600","0.19K","1.96%"
"08/05/2024","2,550","2,550","2,550","2,550","0.52K","-1.92%"
"08/02/2024","2,600","2,600","2,600","2,600","0.06K","2.36%"
"08/01/2024","2,540","2,540","2,540","2,540","0.15K","7.40%"
"07/31/2024","2,365","2,365","2,365","2,365","1.02K","7.50%"
"07/29/2024","2,200","2,200","2,200","2,200","0.25K","-3.93%"
"07/24/2024","2,290","2,290","2,290","2,290","0.03K","-0.22%"
"07/23/2024","2,295","2,295","2,295","2,295","0.02K","-0.22%"
"07/22/2024","2,300","2,300","2,300","2,300","0.04K","0.00%"
"07/18/2024","2,300","2,300","2,300","2,300","0.06K","0.00%"
"07/17/2024","2,300","2,300","2,300","2,300","0.19K","0.00%"
"07/16/2024","2,300","2,300","2,300","2,300","0.19K","4.31%"
"07/12/2024","2,205","2,205","2,205","2,205","0.02K","0.23%"
"07/11/2024","2,200","2,200","2,200","2,200","0.37K","0.00%"
"07/10/2024","2,200","2,200","2,200","2,200","0.05K","0.00%"
"07/09/2024","2,200","2,200","2,200","2,200","0.10K","0.00%"
"07/08/2024","2,200","2,200","2,200","2,200","0.10K","1.38%"
"07/05/2024","2,170","2,170","2,170","2,170","0.11K","0.70%"
"07/03/2024","2,155","2,155","2,155","2,155","0.04K","0.00%"
"07/02/2024","2,155","2,155","2,155","2,155","0.04K","0.23%"
"07/01/2024","2,150","2,150","2,150","2,150","0.25K","-6.32%"
"06/28/2024","2,295","2,295","2,295","2,295","3.51K","4.32%"
"06/27/2024","2,200","2,200","2,200","2,200","0.10K","0.00%"
"06/26/2024","2,200","2,200","2,200","2,200","0.08K","0.00%"
"06/25/2024","2,200","2,200","2,200","2,200","0.10K","-4.14%"
"06/24/2024","2,295","2,295","2,295","2,295","0.68K","0.00%"
"06/21/2024","2,295","2,295","2,295","2,295","0.03K","6.74%"
"06/20/2024","2,150","2,150","2,150","2,150","0.00K","-6.52%"
"06/19/2024","2,300","2,300","2,300","2,300","0.15K","4.55%"
"06/18/2024","2,200","2,200","2,200","2,200","0.13K","0.00%"
"06/14/2024","2,200","2,200","2,200","2,200","20.95K","-4.35%"
"06/13/2024","2,300","2,300","2,300","2,300","0.02K","0.00%"
"06/12/2024","2,300","2,300","2,300","2,300","0.04K","0.00%"
"06/11/2024","2,300","2,300","2,300","2,300","0.00K","1.10%"
"06/10/2024","2,275","2,275","2,275","2,275","0.06K","-1.09%"
"06/07/2024","2,300","2,300","2,300","2,300","0.19K","0.00%"
"06/06/2024","2,300","2,300","2,300","2,300","0.16K","0.00%"
"06/05/2024","2,300","2,300","2,300","2,300","0.01K","0.00%"
"06/04/2024","2,300","2,300","2,300","2,300","0.03K","0.00%"
"06/03/2024","2,300","2,300","2,300","2,300","0.03K","0.00%"
"05/31/2024","2,300","2,300","2,300","2,300","0.38K","2.00%"
"05/30/2024","2,255","2,255","2,255","2,255","0.01K","-1.96%"
"05/29/2024","2,300","2,300","2,300","2,300","0.20K","2.00%"
"05/28/2024","2,255","2,255","2,255","2,255","0.02K","-1.96%"
"05/27/2024","2,300","2,300","2,300","2,300","0.00K","0.66%"
"05/24/2024","2,285","2,285","2,285","2,285","0.16K","-0.65%"
"05/22/2024","2,300","2,300","2,300","2,300","1.23K","2.22%"
"05/21/2024","2,250","2,250","2,250","2,250","0.03K","-0.88%"
"05/17/2024","2,270","2,270","2,270","2,270","0.03K","3.18%"
"05/16/2024","2,200","2,200","2,200","2,200","0.44K","-3.30%"
"05/15/2024","2,275","2,275","2,275","2,275","0.07K","0.00%"
"05/14/2024","2,275","2,275","2,275","2,275","0.05K","-1.09%"
"05/13/2024","2,300","2,300","2,300","2,300","0.02K","4.31%"
"05/10/2024","2,205","2,205","2,205","2,205","0.16K","-3.92%"
"05/08/2024","2,295","2,295","2,295","2,295","0.08K","0.66%"
"05/07/2024","2,280","2,280","2,280","2,280","0.14K","-0.65%"
"05/06/2024","2,295","2,295","2,295","2,295","0.01K","0.00%"
"05/03/2024","2,295","2,295","2,295","2,295","0.04K","-0.22%"
"05/02/2024","2,300","2,300","2,300","2,300","0.10K","0.00%"
"04/30/2024","2,300","2,300","2,300","2,300","0.01K","0.00%"
"04/26/2024","2,300","2,300","2,300","2,300","0.40K","3.14%"
"04/25/2024","2,230","2,230","2,230","2,230","0.10K","6.19%"
"04/24/2024","2,100","2,100","2,100","2,100","0.00K","0.00%"
"04/19/2024","2,100","2,100","2,100","2,100","2.32K","-6.67%"
"04/18/2024","2,250","2,250","2,250","2,250","1.60K","0.00%"
"04/17/2024","2,250","2,250","2,250","2,250","10.26K","-0.88%"
"04/16/2024","2,270","2,270","2,270","2,270","0.16K","0.00%"
"04/15/2024","2,270","2,270","2,270","2,270","0.21K","0.00%"
"04/12/2024","2,270","2,270","2,270","2,270","0.06K","0.89%"
"04/11/2024","2,250","2,250","2,250","2,250","0.09K","7.14%"
"04/09/2024","2,100","2,100","2,100","2,100","0.12K","-6.67%"
"04/08/2024","2,250","2,250","2,250","2,250","0.36K","-1.10%"
"04/05/2024","2,275","2,275","2,275","2,275","0.04K","-0.22%"
"04/04/2024","2,280","2,280","2,280","2,280","0.13K","0.00%"
"04/03/2024","2,280","2,280","2,280","2,280","0.05K","0.22%"
"04/02/2024","2,275","2,275","2,275","2,275","0.34K","-0.22%"
"03/28/2024","2,280","2,280","2,280","2,280","1.01K","7.04%"
"03/27/2024","2,130","2,130","2,130","2,130","0.31K","-0.47%"
"03/26/2024","2,140","2,140","2,140","2,140","0.14K","7.27%"
"03/25/2024","1,995","1,995","1,995","1,995","0.75K","0.00%"
"03/22/2024","1,995","1,995","1,995","1,995","0.13K","-0.25%"
"03/21/2024","2,000","2,000","2,000","2,000","0.61K","2.83%"
"03/20/2024","1,945","1,945","1,945","1,945","0.01K","7.46%"
"03/19/2024","1,810","1,810","1,810","1,810","0.00K","7.42%"
"03/18/2024","1,685","1,685","1,685","1,685","4.34K","0.00%"
"03/15/2024","1,685","1,685","1,685","1,685","0.10K","-6.39%"
"03/14/2024","1,800","1,800","1,800","1,800","0.81K","-5.26%"
"03/13/2024","1,900","1,900","1,900","1,900","0.48K","4.40%"
"03/12/2024","1,820","1,820","1,820","1,820","0.63K","-6.91%"
"03/11/2024","1,955","1,955","1,955","1,955","0.03K","0.00%"
"03/08/2024","1,955","1,955","1,955","1,955","0.26K","-6.90%"
"03/07/2024","2,100","2,100","2,100","2,100","0.02K","0.00%"
"03/06/2024","2,100","2,100","2,100","2,100","0.05K","-4.55%"
"03/05/2024","2,200","2,200","2,200","2,200","0.24K","0.00%"
"03/04/2024","2,200","2,200","2,200","2,200","1.15K","-1.12%"
"02/29/2024","2,225","2,225","2,225","2,225","0.12K","0.00%"
"02/28/2024","2,225","2,225","2,225","2,225","0.04K","0.00%"
"02/27/2024","2,225","2,225","2,225","2,225","0.01K","-2.41%"
"02/26/2024","2,280","2,280","2,280","2,280","0.03K","0.00%"
"02/23/2024","2,280","2,280","2,280","2,280","0.08K","0.00%"
"02/22/2024","2,280","2,280","2,280","2,280","0.04K","0.00%"
"02/21/2024","2,280","2,280","2,280","2,280","0.24K","-0.65%"
"02/20/2024","2,295","2,295","2,295","2,295","0.40K","0.00%"
"02/19/2024","2,295","2,295","2,295","2,295","0.01K","-1.29%"
"02/15/2024","2,325","2,325","2,325","2,325","0.25K","0.00%"
"02/14/2024","2,325","2,325","2,325","2,325","0.79K","6.16%"
"02/13/2024","2,190","2,190","2,190","2,190","0.54K","4.78%"
"02/09/2024","2,090","2,090","2,090","2,090","0.12K","4.50%"
"02/08/2024","2,000","2,000","2,000","2,000","0.11K","0.00%"
"02/07/2024","2,000","2,000","2,000","2,000","0.03K","-4.76%"
"02/06/2024","2,100","2,100","2,100","2,100","0.24K","4.74%"
"02/05/2024","2,005","2,005","2,005","2,005","0.25K","0.00%"
"02/01/2024","2,005","2,005","2,005","2,005","0.27K","-6.74%"
"01/31/2024","2,150","2,150","2,150","2,150","0.28K","7.23%"
"01/30/2024","2,005","2,005","2,005","2,005","0.02K","6.08%"
"01/29/2024","1,890","1,890","1,890","1,890","0.06K","7.39%"
"01/26/2024","1,760","1,760","1,760","1,760","0.40K","-7.12%"
"01/25/2024","1,895","1,895","1,895","1,895","0.34K","-0.26%"
"01/24/2024","1,900","1,900","1,900","1,900","0.53K","-1.04%"
"01/23/2024","1,920","1,920","1,920","1,920","0.29K","1.59%"
"01/22/2024","1,890","1,890","1,890","1,890","0.13K","0.00%"
"01/19/2024","1,890","1,890","1,890","1,890","0.66K","0.00%"
"01/17/2024","1,890","1,890","1,890","1,890","0.14K","-7.35%"
"01/16/2024","2,040","2,040","2,040","2,040","1.36K","3.29%"
"01/15/2024","1,975","1,975","1,975","1,975","0.21K","-7.49%"
"01/12/2024","2,135","2,135","2,135","2,135","0.01K","-1.84%"
"01/11/2024","2,175","2,175","2,175","2,175","0.03K","7.14%"
"01/10/2024","2,030","2,030","2,030","2,030","0.10K","6.84%"
"01/09/2024","1,900","1,900","1,900","1,900","0.11K","0.00%"
"01/08/2024","1,900","1,900","1,900","1,900","1.32K","0.00%"
"01/05/2024","1,900","1,900","1,900","1,900","0.23K","0.26%"
"01/04/2024","1,895","1,895","1,895","1,895","0.12K","-0.26%"
"01/03/2024","1,900","1,900","1,900","1,900","1.00K","0.00%"
"01/02/2024","1,900","1,900","1,900","1,900","0.08K","0.00%"
"12/29/2023","1,900","1,900","1,900","1,900","0.70K","0.26%"
"12/28/2023","1,895","1,895","1,895","1,895","1.91K","0.00%"
"12/27/2023","1,895","1,895","1,895","1,895","0.32K","-0.26%"
"12/26/2023","1,900","1,900","1,900","1,900","0.76K","1.33%"
"12/22/2023","1,875","1,875","1,875","1,875","0.21K","1.35%"
"12/21/2023","1,850","1,850","1,850","1,850","0.36K","0.27%"
"12/20/2023","1,845","1,845","1,845","1,845","0.08K","2.50%"
"12/19/2023","1,800","1,800","1,800","1,800","0.04K","7.14%"
"12/18/2023","1,680","1,680","1,680","1,680","0.70K","-6.67%"
"12/15/2023","1,800","1,800","1,800","1,800","0.08K","0.00%"
"12/14/2023","1,800","1,800","1,800","1,800","0.93K","5.88%"
"12/13/2023","1,700","1,700","1,700","1,700","0.42K","0.00%"
"12/12/2023","1,700","1,700","1,700","1,700","0.51K","0.00%"
"12/11/2023","1,700","1,700","1,700","1,700","0.26K","1.49%"
"12/08/2023","1,675","1,675","1,675","1,675","5.29K","-6.94%"
"12/07/2023","1,800","1,800","1,800","1,800","0.06K","6.19%"
"12/06/2023","1,695","1,695","1,695","1,695","1.13K","0.30%"
"12/05/2023","1,690","1,690","1,690","1,690","0.33K","-0.29%"
"12/04/2023","1,695","1,695","1,695","1,695","0.14K","0.00%"
"12/01/2023","1,695","1,695","1,695","1,695","0.76K","-3.14%"
"11/30/2023","1,750","1,750","1,750","1,750","0.13K","0.00%"
"11/29/2023","1,750","1,750","1,750","1,750","0.19K","-2.78%"
"11/28/2023","1,800","1,800","1,800","1,800","1.85K","5.88%"
"11/27/2023","1,700","1,700","1,700","1,700","1.27K","0.00%"
"11/24/2023","1,700","1,700","1,700","1,700","0.59K","0.00%"
"11/23/2023","1,700","1,700","1,700","1,700","1.67K","4.29%"
"11/22/2023","1,630","1,630","1,630","1,630","1.78K","-4.96%"
"11/21/2023","1,715","1,715","1,715","1,715","2.66K","-7.30%"
"11/20/2023","1,850","1,850","1,850","1,850","3.94K","-7.50%"
"11/17/2023","2,000","2,000","2,000","2,000","0.54K","-1.72%"
"11/16/2023","2,035","2,035","2,035","2,035","0.47K","0.00%"
"11/14/2023","2,035","2,035","2,035","2,035","0.96K","0.00%"
"11/13/2023","2,035","2,035","2,035","2,035","0.21K","0.00%"
"11/10/2023","2,035","2,035","2,035","2,035","0.27K","-6.22%"
"11/09/2023","2,170","2,170","2,170","2,170","0.58K","0.00%"
"11/08/2023","2,170","2,170","2,170","2,170","1.00K","-1.36%"
"11/07/2023","2,200","2,200","2,200","2,200","0.11K","0.00%"
"11/06/2023","2,200","2,200","2,200","2,200","0.55K","0.00%"
"11/03/2023","2,200","2,200","2,200","2,200","0.25K","0.00%"
"11/02/2023","2,200","2,200","2,200","2,200","0.71K","-4.97%"
"10/31/2023","2,315","2,315","2,315","2,315","0.26K","-7.40%"
"10/30/2023","2,500","2,500","2,500","2,500","0.18K","-1.96%"
"10/27/2023","2,550","2,550","2,550","2,550","0.49K","-1.73%"
"10/26/2023","2,595","2,595","2,595","2,595","0.04K","1.57%"
"10/25/2023","2,555","2,555","2,555","2,555","0.82K","-5.37%"
"10/24/2023","2,700","2,700","2,700","2,700","0.05K","3.85%"
"10/23/2023","2,600","2,600","2,600","2,600","0.10K","-3.70%"
"10/20/2023","2,700","2,700","2,700","2,700","0.02K","0.00%"
"10/19/2023","2,700","2,700","2,700","2,700","0.04K","0.00%"
"10/18/2023","2,700","2,700","2,700","2,700","0.06K","-1.82%"
"10/17/2023","2,750","2,750","2,750","2,750","1.00K","0.00%"
"10/16/2023","2,750","2,750","2,750","2,750","0.32K","-1.79%"
"10/13/2023","2,800","2,800","2,800","2,800","0.03K","0.00%"
"10/12/2023","2,800","2,800","2,800","2,800","0.08K","-0.18%"
"10/11/2023","2,805","2,805","2,805","2,805","1.31K","0.00%"
"10/10/2023","2,805","2,805","2,805","2,805","0.52K","0.00%"
"10/09/2023","2,805","2,805","2,805","2,805","0.28K","-0.18%"
"10/06/2023","2,810","2,810","2,810","2,810","0.10K","0.00%"
"10/05/2023","2,810","2,810","2,810","2,810","0.32K","0.00%"
"10/04/2023","2,810","2,810","2,810","2,810","0.07K","-6.80%"
"10/03/2023","3,015","3,015","3,015","3,015","0.00K","7.49%"
"10/02/2023","2,805","2,805","2,805","2,805","0.05K","0.18%"
"09/28/2023","2,800","2,800","2,800","2,800","0.98K","-6.67%"
"09/26/2023","3,000","3,000","3,000","3,000","0.09K","0.33%"
"09/25/2023","2,990","2,990","2,990","2,990","0.10K","-0.33%"
"09/22/2023","3,000","3,000","3,000","3,000","0.00K","0.00%"
"09/21/2023","3,000","3,000","3,000","3,000","0.01K","0.00%"
"09/20/2023","3,000","3,000","3,000","3,000","0.17K","-1.80%"
"09/19/2023","3,055","3,055","3,055","3,055","0.07K","0.00%"
"09/18/2023","3,055","3,055","3,055","3,055","0.06K","0.00%"
"09/15/2023","3,055","3,055","3,055","3,055","0.12K","-0.16%"
"09/14/2023","3,060","3,060","3,060","3,060","0.06K","-7.27%"
"09/13/2023","3,300","3,300","3,300","3,300","0.48K","-1.05%"
"09/12/2023","3,335","3,335","3,335","3,335","2.55K","-0.45%"
"09/11/2023","3,350","3,350","3,350","3,350","0.27K","0.00%"
"09/08/2023","3,350","3,350","3,350","3,350","0.09K","-0.59%"
"09/07/2023","3,370","3,370","3,370","3,370","0.37K","0.00%"
"09/06/2023","3,370","3,370","3,370","3,370","2.07K","0.00%"
"09/05/2023","3,370","3,370","3,370","3,370","2.04K","1.20%"
"09/04/2023","3,330","3,330","3,330","3,330","0.76K","-0.89%"
"09/01/2023","3,360","3,360","3,360","3,360","0.04K","3.38%"
"08/31/2023","3,250","3,250","3,250","3,250","0.12K","-1.52%"
"08/30/2023","3,300","3,300","3,300","3,300","0.00K","1.54%"
"08/29/2023","3,250","3,250","3,250","3,250","1.64K","-5.52%"
"08/28/2023","3,440","3,440","3,440","3,440","0.42K","-0.29%"
"08/25/2023","3,450","3,450","3,450","3,450","0.29K","6.98%"
"08/24/2023","3,225","3,225","3,225","3,225","0.53K","0.94%"
"08/23/2023","3,195","3,195","3,195","3,195","0.09K","1.43%"
"08/22/2023","3,150","3,150","3,150","3,150","0.79K","1.61%"
"08/21/2023","3,100","3,100","3,100","3,100","0.39K","0.16%"
"08/18/2023","3,095","3,095","3,095","3,095","0.03K","-0.16%"
"08/17/2023","3,100","3,100","3,100","3,100","0.78K","0.49%"
"08/16/2023","3,085","3,085","3,085","3,085","0.10K","0.49%"
"08/14/2023","3,070","3,070","3,070","3,070","0.12K","0.00%"
"08/11/2023","3,070","3,070","3,070","3,070","0.03K","0.00%"
"08/10/2023","3,070","3,070","3,070","3,070","0.13K","0.00%"
"08/09/2023","3,070","3,070","3,070","3,070","0.03K","-0.16%"
"08/08/2023","3,075","3,075","3,075","3,075","0.07K","-0.16%"
"08/04/2023","3,080","3,080","3,080","3,080","0.20K","-0.16%"
"08/03/2023","3,085","3,085","3,085","3,085","0.14K","6.38%"
"08/02/2023","2,900","2,900","2,900","2,900","0.05K","0.00%"
"08/01/2023","2,900","2,900","2,900","2,900","0.08K","-6.45%"
"07/31/2023","3,100","3,100","3,100","3,100","0.39K","3.16%"
"07/28/2023","3,005","3,005","3,005","3,005","0.17K","0.17%"
"07/26/2023","3,000","3,000","3,000","3,000","0.01K","-3.23%"
"07/25/2023","3,100","3,100","3,100","3,100","0.71K","4.38%"
"07/24/2023","2,970","2,970","2,970","2,970","0.08K","-1.00%"
"07/21/2023","3,000","3,000","3,000","3,000","0.23K","0.00%"
"07/20/2023","3,000","3,000","3,000","3,000","0.10K","-3.23%"
"07/19/2023","3,100","3,100","3,100","3,100","0.15K","3.33%"
"07/18/2023","3,000","3,000","3,000","3,000","0.66K","-3.07%"
"07/17/2023","3,095","3,095","3,095","3,095","0.38K","0.00%"
"07/14/2023","3,095","3,095","3,095","3,095","0.22K","-1.43%"
"07/13/2023","3,140","3,140","3,140","3,140","0.05K","1.45%"
"07/12/2023","3,095","3,095","3,095","3,095","0.01K","-0.16%"
"07/11/2023","3,100","3,100","3,100","3,100","3.40K","3.33%"
"07/10/2023","3,000","3,000","3,000","3,000","0.03K","3.45%"
"07/07/2023","2,900","2,900","2,900","2,900","0.37K","0.00%"
"07/06/2023","2,900","2,900","2,900","2,900","0.22K","-3.33%"
"07/05/2023","3,000","3,000","3,000","3,000","0.08K","0.00%"
"07/04/2023","3,000","3,000","3,000","3,000","0.07K","-3.23%"
"07/03/2023","3,100","3,100","3,100","3,100","0.37K","0.00%"
"06/30/2023","3,100","3,100","3,100","3,100","0.05K","0.00%"
"06/29/2023","3,100","3,100","3,100","3,100","1.18K","5.26%"
"06/27/2023","2,945","2,945","2,945","2,945","0.41K","1.90%"
"06/23/2023","2,890","2,890","2,890","2,890","0.00K","0.00%"
"06/22/2023","2,890","2,890","2,890","2,890","0.06K","1.40%"
"06/21/2023","2,850","2,850","2,850","2,850","0.03K","-0.35%"
"06/20/2023","2,860","2,860","2,860","2,860","0.10K","-1.38%"
"06/19/2023","2,900","2,900","2,900","2,900","0.02K","-1.02%"
"06/16/2023","2,930","2,930","2,930","2,930","0.14K","4.83%"
"06/15/2023","2,795","2,795","2,795","2,795","0.00K","7.50%"
"06/14/2023","2,600","2,600","2,600","2,600","0.35K","-1.89%"
"06/13/2023","2,650","2,650","2,650","2,650","2.60K","-5.36%"
"06/12/2023","2,800","2,800","2,800","2,800","0.26K","-5.25%"
"06/09/2023","2,955","2,955","2,955","2,955","0.46K","7.45%"
"06/08/2023","2,750","2,750","2,750","2,750","0.37K","-6.78%"
"06/07/2023","2,950","2,950","2,950","2,950","0.03K","-1.01%"
"06/06/2023","2,980","2,980","2,980","2,980","1.03K","-0.33%"
"06/05/2023","2,990","2,990","2,990","2,990","0.53K","-0.17%"
"06/02/2023","2,995","2,995","2,995","2,995","0.10K","6.96%"
"06/01/2023","2,800","2,800","2,800","2,800","1.38K","0.00%"
"05/30/2023","2,800","2,800","2,800","2,800","0.35K","3.70%"
"05/26/2023","2,700","2,700","2,700","2,700","0.37K","0.00%"
"05/25/2023","2,700","2,700","2,700","2,700","1.45K","0.00%"
"05/24/2023","2,700","2,700","2,700","2,700","0.25K","0.00%"
"05/23/2023","2,700","2,700","2,700","2,700","0.01K","0.00%"
"05/22/2023","2,700","2,700","2,700","2,700","2.11K","0.00%"
"05/19/2023","2,700","2,700","2,700","2,700","0.52K","0.00%"
"05/17/2023","2,700","2,700","2,700","2,700","0.01K","0.00%"
"05/16/2023","2,700","2,700","2,700","2,700","1.21K","0.00%"
"05/15/2023","2,700","2,700","2,700","2,700","0.40K","-5.43%"
"05/12/2023","2,855","2,855","2,855","2,855","1.70K","3.63%"
"05/11/2023","2,755","2,755","2,755","2,755","0.57K","-3.50%"
"05/10/2023","2,855","2,855","2,855","2,855","0.25K","0.00%"
"05/09/2023","2,855","2,855","2,855","2,855","0.51K","-0.70%"
"05/08/2023","2,875","2,875","2,875","2,875","0.22K","0.52%"
"05/05/2023","2,860","2,860","2,860","2,860","0.25K","-0.69%"
"05/04/2023","2,880","2,880","2,880","2,880","0.09K","0.00%"
"05/02/2023","2,880","2,880","2,880","2,880","0.03K","0.00%"
"04/28/2023","2,880","2,880","2,880","2,880","0.48K","-0.69%"
"04/27/2023","2,900","2,900","2,900","2,900","0.21K","-3.33%"
"04/26/2023","3,000","3,000","3,000","3,000","0.03K","0.00%"
"04/25/2023","3,000","3,000","3,000","3,000","1.08K","5.82%"
"04/24/2023","2,835","2,835","2,835","2,835","0.52K","-5.50%"
"04/19/2023","3,000","3,000","3,000","3,000","0.00K","6.95%"
"04/17/2023","2,805","2,805","2,805","2,805","2.98K","-1.41%"
"04/14/2023","2,845","2,845","2,845","2,845","0.89K","0.00%"
"04/13/2023","2,845","2,845","2,845","2,845","0.16K","-0.18%"
"04/12/2023","2,850","2,850","2,850","2,850","0.13K","2.89%"
"04/11/2023","2,770","2,770","2,770","2,770","0.58K","-2.81%"
"04/07/2023","2,850","2,850","2,850","2,850","0.43K","-1.72%"
"04/06/2023","2,900","2,900","2,900","2,900","12.12K","0.00%"
"04/05/2023","2,900","2,900","2,900","2,900","0.01K","0.00%"
"04/04/2023","2,900","2,900","2,900","2,900","0.28K","-6.60%"
"04/03/2023","3,105","3,105","3,105","3,105","2.16K","7.07%"
"03/31/2023","2,900","2,900","2,900","2,900","0.07K","0.00%"
"03/30/2023","2,900","2,900","2,900","2,900","2.78K","0.00%"
"03/29/2023","2,900","2,900","2,900","2,900","0.18K","-3.33%"
"03/28/2023","3,000","3,000","3,000","3,000","0.33K","0.00%"
"03/27/2023","3,000","3,000","3,000","3,000","0.56K","-3.23%"
"03/24/2023","3,100","3,100","3,100","3,100","1.07K","6.90%"
"03/23/2023","2,900","2,900","2,900","2,900","0.72K","0.17%"
"03/22/2023","2,895","2,895","2,895","2,895","0.85K","-0.17%"
"03/21/2023","2,900","2,900","2,900","2,900","2.30K","0.00%"
"03/20/2023","2,900","2,900","2,900","2,900","4.23K","0.00%"
"03/17/2023","2,900","2,900","2,900","2,900","3.21K","0.00%"
"03/16/2023","2,900","2,900","2,900","2,900","0.65K","0.00%"
"03/15/2023","2,900","2,900","2,900","2,900","1.78K","0.00%"
"03/14/2023","2,900","2,900","2,900","2,900","0.10K","0.00%"
"03/13/2023","2,900","2,900","2,900","2,900","2.06K","0.00%"
"03/10/2023","2,900","2,900","2,900","2,900","0.38K","3.57%"
"03/09/2023","2,800","2,800","2,800","2,800","0.46K","-3.45%"
"03/08/2023","2,900","2,900","2,900","2,900","0.33K","-3.33%"
"03/07/2023","3,000","3,000","3,000","3,000","0.00K","0.00%"
"03/06/2023","3,000","3,000","3,000","3,000","2.22K","0.00%"
"03/03/2023","3,000","3,000","3,000","3,000","0.03K","0.17%"
"03/02/2023","2,995","2,995","2,995","2,995","0.19K","5.09%"
"02/28/2023","2,850","2,850","2,850","2,850","0.01K","-5.00%"
"02/27/2023","3,000","3,000","3,000","3,000","0.12K","0.00%"
"02/24/2023","3,000","3,000","3,000","3,000","0.11K","0.00%"
"02/23/2023","3,000","3,000","3,000","3,000","0.91K","0.00%"
"02/22/2023","3,000","3,000","3,000","3,000","0.45K","-4.76%"
"02/21/2023","3,150","3,150","3,150","3,150","2.36K","1.61%"
"02/20/2023","3,100","3,100","3,100","3,100","0.55K","0.00%"
"02/17/2023","3,100","3,100","3,100","3,100","0.01K","0.00%"
"02/16/2023","3,100","3,100","3,100","3,100","0.85K","1.64%"
"02/15/2023","3,050","3,050","3,050","3,050","3.26K","2.35%"
"02/14/2023","2,980","2,980","2,980","2,980","0.06K","7.39%"
"02/13/2023","2,775","2,775","2,775","2,775","0.83K","-7.50%"
"02/10/2023","3,000","3,000","3,000","3,000","0.16K","0.00%"
"02/09/2023","3,000","3,000","3,000","3,000","0.10K","0.00%"
"02/08/2023","3,000","3,000","3,000","3,000","0.10K","0.00%"
"02/07/2023","3,000","3,000","3,000","3,000","1.02K","0.17%"
"02/06/2023","2,995","2,995","2,995","2,995","0.15K","0.00%"
"02/03/2023","2,995","2,995","2,995","2,995","0.51K","0.00%"
"02/02/2023","2,995","2,995","2,995","2,995","0.12K","1.53%"
"02/01/2023","2,950","2,950","2,950","2,950","0.10K","0.00%"
"01/31/2023","2,950","2,950","2,950","2,950","0.50K","-1.67%"
"01/30/2023","3,000","3,000","3,000","3,000","0.02K","0.17%"
"01/27/2023","2,995","2,995","2,995","2,995","0.13K","-0.17%"
"01/26/2023","3,000","3,000","3,000","3,000","0.43K","0.17%"
"01/25/2023","2,995","2,995","2,995","2,995","0.01K","1.53%"
"01/24/2023","2,950","2,950","2,950","2,950","0.07K","-1.67%"
"01/23/2023","3,000","3,000","3,000","3,000","0.13K","0.00%"
"01/20/2023","3,000","3,000","3,000","3,000","0.07K","0.00%"
"01/19/2023","3,000","3,000","3,000","3,000","0.54K","1.69%"
"01/18/2023","2,950","2,950","2,950","2,950","0.03K","-1.50%"
"01/17/2023","2,995","2,995","2,995","2,995","0.16K","-0.17%"
"01/16/2023","3,000","3,000","3,000","3,000","3.03K","-3.23%"
"01/13/2023","3,100","3,100","3,100","3,100","0.22K","0.00%"
"01/12/2023","3,100","3,100","3,100","3,100","0.01K","-1.27%"
"01/11/2023","3,140","3,140","3,140","3,140","0.11K","0.00%"
"01/09/2023","3,140","3,140","3,140","3,140","0.07K","-0.16%"
"01/06/2023","3,145","3,145","3,145","3,145","0.27K","0.16%"
"01/05/2023","3,140","3,140","3,140","3,140","0.01K","-0.16%"
"01/04/2023","3,145","3,145","3,145","3,145","0.12K","0.00%"
"01/03/2023","3,145","3,145","3,145","3,145","0.32K","4.83%"
"01/02/2023","3,000","3,000","3,000","3,000","0.06K","-6.10%"
"12/30/2022","3,195","3,195","3,195","3,195","0.16K","-0.16%"
"12/29/2022","3,200","3,200","3,200","3,200","0.21K","1.27%"
"12/28/2022","3,160","3,160","3,160","3,160","0.09K","0.00%"
"12/27/2022","3,160","3,160","3,160","3,160","0.27K","5.33%"
"12/23/2022","3,000","3,000","3,000","3,000","0.47K","-5.66%"
"12/22/2022","3,180","3,180","3,180","3,180","0.04K","0.00%"
"12/21/2022","3,180","3,180","3,180","3,180","0.00K","0.47%"
"12/20/2022","3,165","3,165","3,165","3,165","0.11K","7.47%"
"12/19/2022","2,945","3,180","3,180","3,180","0.41K","-7.39%"
"12/16/2022","3,180","3,180","3,180","3,180","0.01K","0.00%"
"12/15/2022","3,180","3,180","3,180","3,180","0.10K","0.00%"
"12/14/2022","3,180","3,180","3,180","3,180","0.01K","0.00%"
"12/12/2022","3,180","3,180","3,180","3,180","0.07K","0.00%"
"12/09/2022","3,180","3,180","3,180","3,180","0.07K","0.00%"
"12/08/2022","3,180","3,180","3,180","3,180","0.20K","6.00%"
"12/07/2022","3,000","3,000","3,000","3,000","0.05K","2.04%"
"12/06/2022","2,940","2,940","2,940","2,940","1.00K","-2.00%"
"12/05/2022","3,000","3,000","3,000","3,000","0.03K","0.00%"
"12/02/2022","3,000","3,000","3,000","3,000","0.01K","-5.96%"
"12/01/2022","3,190","3,190","3,190","3,190","0.15K","1.27%"
"11/30/2022","3,150","3,150","3,150","3,150","0.12K","-1.56%"
"11/29/2022","3,200","3,200","3,200","3,200","0.18K","0.00%"
"11/28/2022","3,200","3,200","3,200","3,200","0.03K","-1.08%"
"11/25/2022","3,235","3,235","3,235","3,235","0.54K","7.48%"
"11/24/2022","3,010","3,010","3,010","3,010","0.56K","-7.38%"
"11/23/2022","3,250","3,250","3,250","3,250","0.65K","0.00%"
"11/22/2022","3,250","3,250","3,250","3,250","0.01K","-0.61%"
"11/21/2022","3,270","3,270","3,270","3,270","0.17K","0.62%"
"11/18/2022","3,250","3,250","3,250","3,250","0.26K","0.00%"
"11/17/2022","3,250","3,250","3,250","3,250","0.25K","0.00%"
"11/16/2022","3,250","3,250","3,250","3,250","0.07K","-1.52%"
"11/14/2022","3,300","3,300","3,300","3,300","0.20K","-0.15%"
"11/11/2022","3,305","3,305","3,305","3,305","0.05K","-5.44%"
"11/10/2022","3,495","3,495","3,495","3,495","0.03K","0.00%"
"11/09/2022","3,495","3,495","3,495","3,495","0.25K","5.91%"
"11/08/2022","3,300","3,300","3,300","3,300","0.02K","-4.35%"
"11/07/2022","3,450","3,450","3,450","3,450","0.01K","0.00%"
"11/04/2022","3,450","3,450","3,450","3,450","0.16K","0.00%"
"11/03/2022","3,450","3,450","3,450","3,450","0.11K","0.00%"
"11/02/2022","3,450","3,450","3,450","3,450","0.50K","-4.17%"
"10/27/2022","3,600","3,600","3,600","3,600","0.00K","0.00%"
"10/26/2022","3,600","3,600","3,600","3,600","0.09K","0.00%"
"10/25/2022","3,600","3,600","3,600","3,600","0.11K","4.35%"
"10/24/2022","3,450","3,450","3,450","3,450","0.18K","-6.76%"
"10/21/2022","3,700","3,700","3,700","3,700","1.05K","2.35%"
"10/20/2022","3,615","3,615","3,615","3,615","0.01K","3.58%"
"10/19/2022","3,490","3,490","3,490","3,490","0.01K","7.38%"
"10/18/2022","3,250","3,250","3,250","3,250","0.35K","-7.14%"
"10/17/2022","3,500","3,500","3,500","3,500","0.10K","0.00%"
"10/14/2022","3,500","3,500","3,500","3,500","0.16K","0.29%"
"10/13/2022","3,490","3,490","3,490","3,490","0.01K","0.00%"
"10/12/2022","3,490","3,490","3,490","3,490","2.68K","0.00%"
"10/11/2022","3,490","3,490","3,490","3,490","0.22K","0.00%"
"10/10/2022","3,490","3,490","3,490","3,490","0.00K","7.38%"
"10/07/2022","3,250","3,250","3,250","3,250","0.20K","0.00%"
"10/05/2022","3,250","3,250","3,250","3,250","0.31K","0.00%"
"10/04/2022","3,250","3,250","3,250","3,250","0.31K","-7.14%"
"10/03/2022","3,500","3,500","3,500","3,500","0.07K","-2.78%"
"09/30/2022","3,600","3,600","3,600","3,600","0.01K","0.00%"
"09/29/2022","3,600","3,600","3,600","3,600","0.47K","0.00%"
"09/28/2022","3,600","3,600","3,600","3,600","0.04K","0.00%"
"09/27/2022","3,600","3,600","3,600","3,600","0.77K","0.00%"
"09/26/2022","3,600","3,600","3,600","3,600","0.02K","-2.31%"
"09/23/2022","3,685","3,685","3,685","3,685","0.00K","0.14%"
"09/22/2022","3,680","3,680","3,680","3,680","0.01K","0.00%"
"09/21/2022","3,680","3,680","3,680","3,680","0.01K","0.00%"
"09/20/2022","3,680","3,680","3,680","3,680","0.09K","0.00%"
"09/19/2022","3,680","3,680","3,680","3,680","0.03K","-0.27%"
"09/15/2022","3,690","3,690","3,690","3,690","0.06K","0.00%"
"09/14/2022","3,690","3,690","3,690","3,690","0.01K","-0.27%"
"09/13/2022","3,700","3,700","3,700","3,700","0.26K","0.00%"
"09/12/2022","3,700","3,700","3,700","3,700","0.73K","4.23%"
"09/09/2022","3,550","3,550","3,550","3,550","0.08K","0.00%"
"09/07/2022","3,550","3,550","3,550","3,550","0.02K","0.00%"
"09/06/2022","3,550","3,550","3,550","3,550","0.04K","0.00%"
"09/05/2022","3,550","3,550","3,550","3,550","0.39K","0.00%"
"09/02/2022","3,550","3,550","3,550","3,550","0.02K","-2.74%"
"09/01/2022","3,650","3,650","3,650","3,650","0.04K","0.00%"
"08/31/2022","3,650","3,650","3,650","3,650","0.03K","-1.35%"
"08/30/2022","3,700","3,700","3,700","3,700","0.08K","1.37%"
"08/29/2022","3,650","3,650","3,650","3,650","0.25K","0.00%"
"08/26/2022","3,650","3,650","3,650","3,650","0.03K","0.55%"
"08/24/2022","3,630","3,630","3,630","3,630","0.03K","-1.89%"
"08/23/2022","3,700","3,700","3,700","3,700","0.00K","5.71%"
"08/22/2022","3,500","3,500","3,500","3,500","0.13K","-5.41%"
"08/19/2022","3,700","0","0","0","0.05K","0.00%"
"08/18/2022","3,700","3,700","3,700","3,700","0.07K","-1.33%"
"08/17/2022","3,750","3,750","3,750","3,750","0.22K","7.14%"
"08/16/2022","3,500","3,500","3,500","3,500","0.16K","-6.67%"
"08/12/2022","3,750","3,750","3,750","3,750","0.00K","-1.32%"
"08/11/2022","3,800","3,800","3,800","3,800","0.06K","1.33%"
"08/09/2022","3,750","3,750","3,750","3,750","0.19K","-1.32%"
"08/05/2022","3,800","3,800","3,800","3,800","0.09K","1.20%"
"08/04/2022","3,755","3,755","3,755","3,755","0.03K","0.00%"
"08/03/2022","3,755","3,755","3,755","3,755","0.05K","0.13%"
"08/02/2022","3,750","3,750","3,750","3,750","0.68K","0.00%"
"08/01/2022","3,750","3,750","3,750","3,750","1.51K","7.14%"
"07/29/2022","3,500","3,500","3,500","3,500","2.01K","-6.42%"
"07/28/2022","3,740","3,740","3,740","3,740","0.00K","0.00%"
"07/27/2022","3,740","3,740","3,740","3,740","0.10K","0.00%"
"07/26/2022","3,740","3,740","3,740","3,740","2.55K","0.13%"
"07/25/2022","3,735","3,735","3,735","3,735","0.03K","0.00%"
"07/22/2022","3,735","3,735","3,735","3,735","0.07K","7.48%"
"07/21/2022","3,475","3,475","3,475","3,475","0.50K","-6.71%"
"07/20/2022","3,725","3,725","3,725","3,725","0.11K","-0.13%"
"07/19/2022","3,730","3,730","3,730","3,730","0.03K","0.00%"
"07/18/2022","3,730","3,730","3,730","3,730","0.07K","-0.53%"
"07/15/2022","3,750","3,750","3,750","3,750","1.61K","5.63%"
"07/14/2022","3,550","3,550","3,550","3,550","0.12K","-5.33%"
"07/13/2022","3,750","3,750","3,750","3,750","0.28K","0.00%"
"07/12/2022","3,750","3,750","3,750","3,750","0.13K","0.00%"
"07/11/2022","3,750","3,750","3,750","3,750","0.17K","0.00%"
"07/08/2022","3,750","3,750","3,750","3,750","0.00K","6.99%"
"07/07/2022","3,505","3,505","3,505","3,505","0.25K","-6.53%"
"07/06/2022","3,750","3,750","3,750","3,750","0.11K","0.00%"
"07/05/2022","3,750","3,750","3,750","3,750","0.09K","0.00%"
"07/04/2022","3,750","3,750","3,750","3,750","0.10K","0.00%"
"07/01/2022","3,750","3,750","3,750","3,750","5.05K","5.78%"
"06/30/2022","3,545","3,545","3,545","3,545","5.54K","0.00%"
"06/29/2022","3,545","3,545","3,545","3,545","0.11K","0.00%"
"06/28/2022","3,545","3,545","3,545","3,545","0.70K","7.42%"
"06/27/2022","3,300","3,300","3,300","3,300","0.68K","-1.05%"
"06/24/2022","3,335","3,335","3,335","3,335","3.01K","0.15%"
"06/23/2022","3,330","3,330","3,330","3,330","5.21K","-2.20%"
"06/21/2022","3,405","3,405","3,405","3,405","0.68K","0.15%"
"06/20/2022","3,400","3,400","3,400","3,400","0.61K","-1.45%"
"06/17/2022","3,450","3,450","3,450","3,450","1.60K","0.00%"
"06/16/2022","3,450","3,450","3,450","3,450","0.93K","-1.15%"
"06/15/2022","3,490","3,490","3,490","3,490","0.63K","4.18%"
"06/14/2022","3,350","3,350","3,350","3,350","1.75K","-1.47%"
"06/13/2022","3,400","3,400","3,400","3,400","0.11K","2.72%"
"06/10/2022","3,310","3,310","3,310","3,310","0.10K","-2.65%"
"06/09/2022","3,400","3,400","3,400","3,400","0.01K","1.49%"
"06/08/2022","3,350","3,350","3,350","3,350","0.24K","0.00%"
"06/07/2022","3,350","3,350","3,350","3,350","0.15K","-4.29%"
"06/03/2022","3,500","3,500","3,500","3,500","0.28K","0.00%"
"06/02/2022","3,500","3,500","3,500","3,500","0.04K","0.14%"
"06/01/2022","3,495","3,495","3,495","3,495","0.43K","0.00%"
"05/31/2022","3,495","3,495","3,495","3,495","0.36K","0.00%"
"05/30/2022","3,495","3,495","3,495","3,495","0.20K","-0.14%"
"05/27/2022","3,500","3,500","3,500","3,500","0.68K","0.00%"
"05/25/2022","3,500","3,500","3,500","3,500","0.26K","0.00%"
"05/24/2022","3,500","3,500","3,500","3,500","0.05K","6.06%"
"05/23/2022","3,300","3,300","3,300","3,300","2.07K","-5.71%"
"05/20/2022","3,500","3,500","3,500","3,500","5.63K","4.79%"
"05/19/2022","3,340","3,340","3,340","3,340","0.39K","0.00%"
"05/18/2022","3,340","3,340","3,340","3,340","0.56K","3.09%"
"05/17/2022","3,240","3,240","3,240","3,240","0.31K","0.00%"
"05/16/2022","3,240","3,240","3,240","3,240","0.38K","-7.43%"
"05/13/2022","3,500","3,500","3,500","3,500","2.34K","-2.78%"
"05/12/2022","3,600","3,600","3,600","3,600","0.05K","0.00%"
"05/11/2022","3,600","3,600","3,600","3,600","0.89K","-2.70%"
"05/10/2022","3,700","3,700","3,700","3,700","0.43K","-1.60%"
"05/09/2022","3,760","3,760","3,760","3,760","0.34K","7.43%"
"05/06/2022","3,500","3,500","3,500","3,500","1.29K","3.86%"
"05/05/2022","3,370","3,370","3,370","3,370","0.23K","-7.42%"
"05/04/2022","3,640","3,640","3,640","3,640","0.23K","-7.50%"
"05/03/2022","3,935","3,935","3,935","3,935","0.02K","-14.27%"
"04/27/2022","4,590","4,590","4,590","4,590","0.38K","2.00%"
"04/26/2022","4,500","4,500","4,500","4,500","1.74K","-2.07%"
"04/25/2022","4,595","4,595","4,595","4,595","1.63K","2.11%"
"04/22/2022","4,500","4,500","4,500","4,500","0.06K","-2.17%"
"04/21/2022","4,600","4,600","4,600","4,600","3.11K","0.88%"
"04/20/2022","4,560","4,560","4,560","4,560","1.99K","-0.87%"
"04/19/2022","4,600","4,600","4,600","4,600","0.75K","-2.13%"
"04/15/2022","4,700","4,700","4,700","4,700","0.45K","2.06%"
"04/14/2022","4,605","4,605","4,605","4,605","0.41K","-2.02%"
"04/13/2022","4,700","4,700","4,700","4,700","0.03K","2.06%"
"04/12/2022","4,605","4,605","4,605","4,605","3.40K","0.00%"
"04/11/2022","4,605","4,605","4,605","4,605","0.00K","0.11%"
"04/08/2022","4,600","4,600","4,600","4,600","2.01K","-0.22%"
"04/07/2022","4,610","4,610","4,610","4,610","0.06K","0.11%"
"04/06/2022","4,605","4,605","4,605","4,605","4.12K","-2.13%"
"04/05/2022","4,705","4,705","4,705","4,705","1.43K","0.00%"
"04/04/2022","4,705","4,705","4,705","4,705","0.09K","0.11%"
"04/01/2022","4,700","4,700","4,700","4,700","0.60K","-0.21%"
"03/31/2022","4,710","4,710","4,710","4,710","1.18K","-5.33%"
"03/30/2022","4,975","4,975","4,975","4,975","0.05K","0.00%"
"03/29/2022","4,975","4,975","4,975","4,975","0.05K","5.85%"
"03/28/2022","4,700","4,700","4,700","4,700","0.04K","0.00%"
"03/25/2022","4,700","4,700","4,700","4,700","0.16K","0.00%"
"03/24/2022","4,700","4,700","4,700","4,700","0.09K","-2.08%"
"03/23/2022","4,800","4,800","4,800","4,800","0.57K","3.23%"
"03/22/2022","4,650","4,650","4,650","4,650","10.42K","-0.64%"
"03/21/2022","4,680","4,680","4,680","4,680","0.01K","0.00%"
"03/18/2022","4,680","4,680","4,680","4,680","0.10K","1.52%"
"03/17/2022","4,610","4,610","4,610","4,610","0.35K","0.11%"
"03/15/2022","4,605","4,605","4,605","4,605","0.64K","-2.13%"
"03/14/2022","4,705","4,705","4,705","4,705","0.30K","0.00%"
"03/11/2022","4,705","4,705","4,705","4,705","4.67K","-3.98%"
"03/10/2022","4,900","4,900","4,900","4,900","0.00K","0.00%"
"03/09/2022","4,900","4,900","4,900","4,900","1.40K","-2.00%"
"03/08/2022","5,000","5,000","5,000","5,000","0.46K","0.00%"
"03/07/2022","5,000","5,000","5,000","5,000","0.25K","0.00%"
"03/04/2022","5,000","5,000","5,000","5,000","0.07K","0.40%"
"03/03/2022","4,980","4,980","4,980","4,980","0.51K","1.63%"
"03/02/2022","4,900","4,900","4,900","4,900","0.19K","0.00%"
"03/01/2022","4,900","4,900","4,900","4,900","0.36K","0.00%"
"02/28/2022","4,900","4,900","4,900","4,900","0.26K","4.48%"
"02/25/2022","4,690","4,690","4,690","4,690","1.28K","1.96%"
"02/24/2022","4,600","4,600","4,600","4,600","1.96K","0.66%"
"02/23/2022","4,570","4,570","4,570","4,570","0.25K","-0.65%"
"02/22/2022","4,600","4,600","4,600","4,600","0.85K","0.00%"
"02/21/2022","4,600","4,600","4,600","4,600","1.29K","0.00%"
"02/18/2022","4,600","4,600","4,600","4,600","0.63K","2.22%"
"02/17/2022","4,500","4,500","4,500","4,500","0.14K","5.26%"
"02/16/2022","4,275","4,275","4,275","4,275","0.22K","0.59%"
"02/15/2022","4,250","4,250","4,250","4,250","2.77K","-0.23%"
"02/14/2022","4,260","4,260","4,260","4,260","1.98K","0.00%"
"02/11/2022","4,260","4,260","4,260","4,260","3.21K","0.00%"
"02/10/2022","4,260","4,260","4,260","4,260","3.67K","-7.29%"
"02/09/2022","4,595","4,595","4,595","4,595","2.46K","6.37%"
"02/08/2022","4,320","4,320","4,320","4,320","0.99K","1.65%"
"02/07/2022","4,250","4,250","4,250","4,250","0.50K","1.19%"
"02/04/2022","4,200","4,200","4,200","4,200","5.04K","2.31%"
"02/03/2022","4,105","4,105","4,105","4,105","3.09K","1.99%"
"02/02/2022","4,025","4,025","4,025","4,025","1.40K","0.00%"
"02/01/2022","4,025","4,025","4,025","4,025","4.05K","0.63%"
"01/31/2022","4,000","4,000","4,000","4,000","0.01K","-1.23%"
"01/28/2022","4,050","4,050","4,050","4,050","0.08K","0.00%"
"01/27/2022","4,050","4,050","4,050","4,050","0.54K","5.19%"
"01/26/2022","3,850","3,850","3,850","3,850","0.02K","-1.28%"
"01/25/2022","3,900","3,900","3,900","3,900","0.11K","-2.50%"
"01/24/2022","4,000","4,000","4,000","4,000","0.03K","-4.42%"
"01/21/2022","4,185","4,185","4,185","4,185","0.69K","-0.12%"
"01/20/2022","4,190","4,190","4,190","4,190","0.05K","7.44%"
"01/19/2022","3,900","3,900","3,900","3,900","0.68K","0.00%"
"01/18/2022","3,900","3,900","3,900","3,900","0.02K","5.98%"
"01/17/2022","3,680","3,680","3,680","3,680","0.30K","0.00%"
"01/14/2022","3,680","3,680","3,680","3,680","0.00K","0.00%"
"01/13/2022","3,680","3,680","3,680","3,680","0.26K","0.00%"
"01/12/2022","3,680","3,680","3,680","3,680","0.98K","0.00%"
"01/11/2022","3,680","3,680","3,680","3,680","0.41K","2.22%"
"01/10/2022","3,600","3,600","3,600","3,600","0.34K","-2.70%"
"01/07/2022","3,700","3,700","3,700","3,700","0.19K","-7.38%"
"01/06/2022","3,995","3,995","3,995","3,995","0.00K","-2.32%"
"01/05/2022","4,090","4,090","4,090","4,090","0.01K","-0.12%"
"01/04/2022","4,095","4,095","4,095","4,095","0.01K","-2.50%"
"01/03/2022","4,200","4,200","4,200","4,200","0.08K","0.00%"
"12/30/2021","4,200","4,200","4,200","4,200","3.17K","0.00%"
"12/22/2021","4,200","4,200","4,200","4,200","0.03K","2.44%"
"12/21/2021","4,100","4,100","4,100","4,100","2.66K","5.13%"
"12/20/2021","3,900","3,900","3,900","3,900","3.01K","5.41%"
"12/17/2021","3,700","3,700","3,700","3,700","0.03K","0.00%"
"12/16/2021","3,700","3,700","3,700","3,700","0.50K","5.41%"
"12/15/2021","3,510","3,510","3,510","3,510","0.68K","-5.14%"
"12/14/2021","3,700","3,700","3,700","3,700","0.34K","0.54%"
"12/13/2021","3,680","3,680","3,680","3,680","0.06K","0.00%"
"12/10/2021","3,680","3,680","3,680","3,680","0.45K","0.82%"
"12/09/2021","3,650","3,650","3,650","3,650","0.10K","4.29%"
"12/08/2021","3,500","3,500","3,500","3,500","0.67K","-6.67%"
"12/07/2021","3,750","3,750","3,750","3,750","0.51K","7.14%"
"12/06/2021","3,500","3,500","3,500","3,500","0.05K","5.58%"
"12/03/2021","3,315","3,315","3,315","3,315","0.05K","-0.30%"
"12/02/2021","3,325","3,325","3,325","3,325","0.34K","0.30%"
"12/01/2021","3,315","3,315","3,315","3,315","5.32K","0.00%"
"11/30/2021","3,315","3,315","3,315","3,315","2.71K","0.00%"
"11/29/2021","3,315","3,315","3,315","3,315","4.74K","0.00%"
"11/26/2021","3,315","3,315","3,315","3,315","0.52K","0.00%"
"11/25/2021","3,315","3,315","3,315","3,315","0.10K","0.00%"
"11/24/2021","3,315","3,315","3,315","3,315","0.25K","0.15%"
"11/23/2021","3,310","3,310","3,310","3,310","0.17K","2.32%"
"11/22/2021","3,235","3,235","3,235","3,235","0.23K","-1.97%"
"11/19/2021","3,300","3,300","3,300","3,300","0.08K","2.01%"
"11/18/2021","3,235","3,235","3,235","3,235","0.10K","-0.31%"
"11/17/2021","3,245","3,245","3,245","3,245","0.04K","-1.82%"
"11/16/2021","3,305","3,305","3,305","3,305","0.37K","-0.30%"
"11/12/2021","3,315","3,315","3,315","3,315","1.06K","0.00%"
"11/11/2021","3,315","3,315","3,315","3,315","1.14K","1.53%"
"11/10/2021","3,265","3,265","3,265","3,265","0.67K","0.62%"
"11/08/2021","3,245","3,245","3,245","3,245","0.05K","0.00%"
"11/05/2021","3,245","3,245","3,245","3,245","2.11K","-0.61%"
"11/04/2021","3,265","3,265","3,265","3,265","0.83K","0.00%"
"11/03/2021","3,265","3,265","3,265","3,265","0.45K","0.00%"
"11/02/2021","3,265","3,265","3,265","3,265","2.84K","0.00%"
"10/29/2021","3,265","3,265","3,265","3,265","1.47K","2.03%"
"10/28/2021","3,200","3,200","3,200","3,200","0.42K","-1.99%"
"10/27/2021","3,265","3,265","3,265","3,265","0.27K","-0.31%"
"10/25/2021","3,275","3,275","3,275","3,275","0.00K","0.00%"
"10/22/2021","3,275","3,275","3,275","3,275","0.04K","4.97%"
"10/21/2021","3,120","3,120","3,120","3,120","1.86K","0.00%"
"10/20/2021","3,120","3,120","3,120","3,120","1.57K","0.16%"
"10/19/2021","3,115","3,115","3,115","3,115","1.54K","0.00%"
"10/15/2021","3,115","3,115","3,115","3,115","0.07K","-0.16%"
"10/14/2021","3,120","3,120","3,120","3,120","0.09K","0.00%"
"10/13/2021","3,120","3,120","3,120","3,120","0.02K","-0.16%"
"10/12/2021","3,125","3,125","3,125","3,125","0.75K","-0.79%"
"10/11/2021","3,150","3,150","3,150","3,150","0.02K","0.00%"
"10/08/2021","3,150","3,150","3,150","3,150","0.02K","-0.94%"
"10/07/2021","3,180","3,180","3,180","3,180","1.70K","5.12%"
"10/06/2021","3,025","3,025","3,025","3,025","1.11K","-7.35%"
"10/05/2021","3,265","3,265","3,265","3,265","0.34K","0.00%"
"10/04/2021","3,265","3,265","3,265","3,265","0.62K","4.98%"
"10/01/2021","3,110","3,110","3,110","3,110","0.03K","0.00%"
"09/30/2021","3,110","3,110","3,110","3,110","0.31K","0.00%"
"09/29/2021","3,110","3,110","3,110","3,110","0.12K","0.00%"
"09/28/2021","3,110","3,110","3,110","3,110","0.14K","0.00%"
"09/27/2021","3,110","3,110","3,110","3,110","0.08K","0.00%"
"09/24/2021","3,110","3,110","3,110","3,110","0.08K","0.00%"
"09/23/2021","3,110","3,110","3,110","3,110","1.59K","0.00%"
"09/22/2021","3,110","3,110","3,110","3,110","0.05K","0.00%"
"09/21/2021","3,110","3,110","3,110","3,110","0.03K","3.49%"
"09/20/2021","3,005","3,005","3,005","3,005","1.25K","-3.53%"
"09/17/2021","3,115","3,115","3,115","3,115","0.40K","0.00%"
"09/16/2021","3,115","3,115","3,115","3,115","1.61K","0.00%"
"09/15/2021","3,115","3,115","3,115","3,115","0.07K","0.00%"
"09/14/2021","3,115","3,115","3,115","3,115","0.36K","0.16%"
"09/13/2021","3,110","3,110","3,110","3,110","0.93K","0.00%"
"09/10/2021","3,110","3,110","3,110","3,110","0.08K","-0.16%"
"09/09/2021","3,115","3,115","3,115","3,115","0.25K","3.83%"
"09/08/2021","3,000","3,000","3,000","3,000","4.23K","0.00%"
"09/07/2021","3,000","3,000","3,000","3,000","3.51K","3.45%"
"09/06/2021","2,900","2,900","2,900","2,900","0.09K","0.00%"
"09/03/2021","2,900","2,900","2,900","2,900","0.54K","0.00%"
"09/02/2021","2,900","2,900","2,900","2,900","0.25K","7.41%"
"08/31/2021","2,700","2,700","2,700","2,700","0.37K","-9.85%"
"08/30/2021","2,995","2,995","2,995","2,995","0.09K","1.53%"
"08/27/2021","2,950","2,950","2,950","2,950","0.32K","1.72%"
"08/26/2021","2,900","2,900","2,900","2,900","1.40K","-1.69%"
"08/25/2021","2,950","2,950","2,950","2,950","0.68K","-1.50%"
"08/24/2021","2,995","2,995","2,995","2,995","2.94K","-0.17%"
"08/23/2021","3,000","3,000","3,000","3,000","0.02K","0.00%"
"08/20/2021","3,000","3,000","3,000","3,000","0.03K","0.00%"
"08/19/2021","3,000","3,000","3,000","3,000","0.17K","0.84%"
"08/18/2021","2,975","2,975","2,975","2,975","0.25K","0.00%"
"08/17/2021","2,975","2,975","2,975","2,975","1.28K","0.85%"
"08/13/2021","2,950","2,950","2,950","2,950","0.05K","-1.67%"
"08/12/2021","3,000","3,000","3,000","3,000","2.79K","6.38%"
"08/11/2021","2,820","2,820","2,820","2,820","0.05K","0.00%"
"08/10/2021","2,820","2,820","2,820","2,820","0.08K","-2.76%"
"08/09/2021","2,900","2,900","2,900","2,900","0.11K","0.00%"
"08/06/2021","2,900","2,900","2,900","2,900","0.01K","0.00%"
"08/05/2021","2,900","2,900","2,900","2,900","0.28K","-1.69%"
"08/04/2021","2,950","2,950","2,950","2,950","0.05K","1.72%"
"08/03/2021","2,900","2,900","2,900","2,900","0.11K","-1.69%"
"08/02/2021","2,950","2,950","2,950","2,950","0.02K","3.15%"
"07/30/2021","2,860","2,860","2,860","2,860","0.11K","0.00%"
"07/29/2021","2,860","2,860","2,860","2,860","0.57K","2.33%"
"07/28/2021","2,795","2,795","2,795","2,795","0.02K","6.88%"
"07/27/2021","2,615","2,615","2,615","2,615","0.08K","-6.44%"
"07/26/2021","2,795","2,795","2,795","2,795","0.00K","7.50%"
"07/22/2021","2,600","2,600","2,600","2,600","0.04K","0.00%"
"07/21/2021","2,600","2,600","2,600","2,600","0.34K","0.00%"
"07/19/2021","2,600","2,600","2,600","2,600","59.80K","2.77%"
"07/16/2021","2,530","2,530","2,530","2,530","0.31K","1.20%"
"07/15/2021","2,500","2,500","2,500","2,500","0.52K","-7.41%"
"07/14/2021","2,700","2,700","2,700","2,700","0.06K","0.19%"
"07/13/2021","2,695","2,695","2,695","2,695","0.02K","0.00%"
"07/12/2021","2,695","2,695","2,695","2,695","0.02K","-0.19%"
"07/09/2021","2,700","2,700","2,700","2,700","0.10K","0.19%"
"07/08/2021","2,695","2,695","2,695","2,695","0.07K","7.37%"
"07/05/2021","2,510","2,510","2,510","2,510","0.01K","0.40%"
"07/01/2021","2,500","2,500","2,500","2,500","0.55K","-3.29%"
"06/30/2021","2,585","2,585","2,585","2,585","0.02K","-7.35%"
"06/29/2021","2,790","2,790","2,790","2,790","0.01K","0.00%"
"06/23/2021","2,790","2,790","2,790","2,790","0.04K","-0.18%"
"06/21/2021","2,795","2,795","2,795","2,795","0.43K","0.00%"
"06/18/2021","2,795","2,795","2,795","2,795","0.50K","0.00%"
"06/16/2021","2,795","2,795","2,795","2,795","0.03K","0.00%"
"06/15/2021","2,795","2,795","2,795","2,795","0.32K","0.00%"
"06/14/2021","2,795","2,795","2,795","2,795","0.08K","0.00%"
"06/11/2021","2,795","2,795","2,795","2,795","1.10K","0.00%"
"06/09/2021","2,795","2,795","2,795","2,795","0.04K","0.00%"
"06/08/2021","2,795","2,795","2,795","2,795","0.05K","0.00%"
"06/07/2021","2,795","2,795","2,795","2,795","0.22K","0.00%"
"06/03/2021","2,795","2,795","2,795","2,795","0.28K","-0.18%"
"06/02/2021","2,800","2,800","2,800","2,800","0.44K","1.82%"
"06/01/2021","2,750","2,750","2,750","2,750","0.13K","1.85%"
"05/28/2021","2,700","2,700","2,700","2,700","0.01K","2.66%"
"05/27/2021","2,630","2,630","2,630","2,630","0.10K","0.00%"
"05/26/2021","2,630","2,630","2,630","2,630","0.15K","-7.39%"
"05/25/2021","2,840","2,840","2,840","2,840","0.17K","1.43%"
"05/21/2021","2,800","2,800","2,800","2,800","0.03K","-1.41%"
"05/20/2021","2,840","2,840","2,840","2,840","0.01K","-0.18%"
"05/19/2021","2,845","2,845","2,845","2,845","0.22K","0.00%"
"05/17/2021","2,845","2,845","2,845","2,845","0.10K","6.75%"
"05/14/2021","2,665","2,665","2,665","2,665","0.01K","7.46%"
"05/11/2021","2,480","2,480","2,480","2,480","0.05K","7.36%"
"05/05/2021","2,310","2,310","2,310","2,310","0.05K","0.43%"
"05/04/2021","2,300","2,300","2,300","2,300","1.63K","6.98%"
"05/03/2021","2,150","2,150","2,150","2,150","0.09K","0.47%"
"04/30/2021","2,140","2,140","2,140","2,140","0.05K","-1.83%"
"04/29/2021","2,180","2,180","2,180","2,180","0.06K","1.87%"
"04/28/2021","2,140","2,140","2,140","2,140","0.06K","0.00%"
"04/27/2021","2,140","2,140","2,140","2,140","0.01K","5.94%"
"04/23/2021","2,020","2,020","2,020","2,020","1.73K","0.00%"
"04/22/2021","2,020","2,020","2,020","2,020","4.74K","-7.34%"
"04/21/2021","2,180","2,180","2,180","2,180","0.02K","0.00%"
"04/20/2021","2,180","2,180","2,180","2,180","0.15K","3.56%"
"04/19/2021","2,105","2,105","2,105","2,105","0.38K","0.24%"
"04/15/2021","2,100","2,100","2,100","2,100","1.64K","0.00%"
"04/14/2021","2,100","2,100","2,100","2,100","0.07K","0.00%"
"04/09/2021","2,100","2,100","2,100","2,100","0.65K","0.24%"
"04/08/2021","2,095","2,095","2,095","2,095","0.01K","0.00%"
"04/06/2021","2,095","2,095","2,095","2,095","0.01K","-0.24%"
"04/01/2021","2,100","2,100","2,100","2,100","0.02K","0.00%"
"03/29/2021","2,100","2,100","2,100","2,100","0.12K","0.00%"
"03/25/2021","2,100","2,100","2,100","2,100","0.00K","0.00%"
"03/24/2021","2,100","2,100","2,100","2,100","0.03K","0.00%"
"03/23/2021","2,100","2,100","2,100","2,100","0.05K","0.00%"
"03/17/2021","2,100","2,100","2,100","2,100","0.72K","0.00%"
"03/16/2021","2,100","2,100","2,100","2,100","0.02K","0.00%"
"03/15/2021","2,100","2,100","2,100","2,100","4.12K","0.00%"
"03/12/2021","2,100","2,100","2,100","2,100","0.05K","0.00%"
"03/11/2021","2,100","2,100","2,100","2,100","0.04K","0.00%"
"03/10/2021","2,100","2,100","2,100","2,100","0.01K","0.00%"
"03/09/2021","2,100","2,100","2,100","2,100","0.28K","0.00%"
"03/08/2021","2,100","2,100","2,100","2,100","0.03K","0.00%"
"03/04/2021","2,100","2,100","2,100","2,100","0.31K","0.00%"
"03/03/2021","2,100","2,100","2,100","2,100","0.01K","1.94%"
"03/02/2021","2,060","2,060","2,060","2,060","0.28K","0.00%"
"02/25/2021","2,060","2,060","2,060","2,060","0.02K","0.00%"
"02/24/2021","2,060","2,060","2,060","2,060","0.25K","0.00%"
"02/23/2021","2,060","2,060","2,060","2,060","0.07K","0.00%"
"02/22/2021","2,060","2,060","2,060","2,060","0.01K","0.00%"
"02/19/2021","2,060","2,060","2,060","2,060","0.19K","0.00%"
"02/18/2021","2,060","2,060","2,060","2,060","0.95K","0.00%"
"02/17/2021","2,060","2,060","2,060","2,060","0.11K","0.00%"
"02/16/2021","2,060","2,060","2,060","2,060","0.58K","0.00%"
"02/15/2021","2,060","2,060","2,060","2,060","0.09K","3.00%"
"02/12/2021","2,000","2,000","2,000","2,000","0.79K","-2.91%"
"02/11/2021","2,060","2,060","2,060","2,060","0.77K","0.00%"
"02/10/2021","2,060","2,060","2,060","2,060","0.19K","-5.50%"
"02/09/2021","2,180","2,180","2,180","2,180","0.66K","0.00%"
"02/08/2021","2,180","2,180","2,180","2,180","3.02K","0.93%"
"02/05/2021","2,160","2,160","2,160","2,160","0.01K","-0.92%"
"02/03/2021","2,180","2,180","2,180","2,180","0.02K","0.00%"
"02/01/2021","2,180","2,180","2,180","2,180","0.01K","0.00%"
"01/28/2021","2,180","2,180","2,180","2,180","0.41K","0.00%"
"01/27/2021","2,180","2,180","2,180","2,180","0.30K","0.00%"
"01/26/2021","2,180","2,180","2,180","2,180","0.55K","0.00%"
"01/22/2021","2,180","2,180","2,180","2,180","0.00K","0.00%"
"01/20/2021","2,180","2,180","2,180","2,180","0.03K","-0.23%"
"01/18/2021","2,185","2,185","2,185","2,185","0.01K","0.00%"
"01/15/2021","2,185","2,185","2,185","2,185","0.10K","0.00%"
"01/14/2021","2,185","2,185","2,185","2,185","0.01K","0.00%"
"01/13/2021","2,185","2,185","2,185","2,185","0.03K","0.69%"
"01/12/2021","2,170","2,170","2,170","2,170","0.50K","-0.91%"
"01/11/2021","2,190","2,190","2,190","2,190","0.77K","6.83%"
"01/07/2021","2,050","2,050","2,050","2,050","0.05K","-6.39%"
"01/06/2021","2,190","2,190","2,190","2,190","0.23K","0.00%"
"01/05/2021","2,190","2,190","2,190","2,190","0.08K","-0.23%"
"01/04/2021","2,195","2,195","2,195","2,195","0.05K","0.00%"
"12/31/2020","2,195","2,195","2,195","2,195","0.45K","0.00%"
"12/30/2020","2,195","2,195","2,195","2,195","0.02K","0.23%"
"12/29/2020","2,190","2,190","2,190","2,190","3.30K","0.00%"
"12/28/2020","2,190","2,190","2,190","2,190","0.01K","0.00%"
"12/24/2020","2,190","2,190","2,190","2,190","0.01K","-0.23%"
"12/23/2020","2,195","2,195","2,195","2,195","2.70K","0.00%"
"12/22/2020","2,195","2,195","2,195","2,195","2.31K","0.00%"
"12/21/2020","2,195","2,195","2,195","2,195","2.30K","0.00%"
"12/17/2020","2,195","2,195","2,195","2,195","0.03K","0.00%"
"12/11/2020","2,195","2,195","2,195","2,195","0.00K","0.00%"
"12/09/2020","2,195","2,195","2,195","2,195","0.00K","7.07%"
"11/27/2020","2,050","2,050","2,050","2,050","0.06K","-6.61%"
"11/25/2020","2,195","2,195","2,195","2,195","0.14K","0.00%"
"11/24/2020","2,195","2,195","2,195","2,195","0.23K","0.00%"
"11/23/2020","2,195","2,195","2,195","2,195","1.13K","0.00%"
"11/20/2020","2,195","2,195","2,195","2,195","0.30K","0.00%"
"11/19/2020","2,195","2,195","2,195","2,195","0.02K","0.00%"
"11/18/2020","2,195","2,195","2,195","2,195","0.01K","0.00%"
"11/17/2020","2,195","2,195","2,195","2,195","4.50K","0.00%"
"11/16/2020","2,195","2,195","2,195","2,195","1.70K","0.23%"
"11/13/2020","2,190","2,190","2,190","2,190","0.01K","0.00%"
"11/09/2020","2,190","2,190","2,190","2,190","0.01K","-0.23%"
"11/06/2020","2,195","2,195","2,195","2,195","0.02K","0.00%"
"11/05/2020","2,195","2,195","2,195","2,195","0.06K","-0.23%"
"11/04/2020","2,200","2,200","2,200","2,200","0.05K","0.00%"
"11/03/2020","2,200","2,200","2,200","2,200","0.03K","0.00%"
"10/27/2020","2,200","2,200","2,200","2,200","0.05K","2.33%"
"10/26/2020","2,150","2,150","2,150","2,150","0.39K","-2.05%"
"10/23/2020","2,195","2,195","2,195","2,195","0.66K","0.00%"
"10/20/2020","2,195","2,195","2,195","2,195","0.01K","-0.23%"
"10/16/2020","2,200","2,200","2,200","2,200","0.45K","1.85%"
"10/15/2020","2,160","2,160","2,160","2,160","0.06K","-7.49%"
"10/14/2020","2,335","2,335","2,335","2,335","0.01K","0.00%"
"10/12/2020","2,335","2,335","2,335","2,335","0.02K","-0.21%"
"10/09/2020","2,340","2,340","2,340","2,340","0.06K","0.00%"
"10/08/2020","2,340","2,340","2,340","2,340","0.00K","-0.21%"
"10/07/2020","2,345","2,345","2,345","2,345","0.02K","0.00%"
"10/02/2020","2,345","2,345","2,345","2,345","0.01K","-7.31%"
"09/25/2020","2,530","2,530","2,530","2,530","0.02K","-0.39%"
"09/21/2020","2,540","2,540","2,540","2,540","0.06K","-1.17%"
"09/16/2020","2,570","2,570","2,570","2,570","0.01K","0.00%"
"09/11/2020","2,570","2,570","2,570","2,570","0.08K","0.00%"
"09/10/2020","2,570","2,570","2,570","2,570","0.22K","-0.77%"
"09/09/2020","2,590","2,590","2,590","2,590","0.02K","0.00%"
"09/08/2020","2,590","2,590","2,590","2,590","0.02K","-7.33%"
"09/02/2020","2,795","2,795","2,795","2,795","0.03K","-5.25%"
"08/27/2020","2,950","2,950","2,950","2,950","0.84K","-1.34%"
"08/25/2020","2,990","2,990","2,990","2,990","4.31K","0.00%"
"08/18/2020","2,990","2,990","2,990","2,990","0.33K","-0.33%"
"08/06/2020","3,000","3,000","3,000","3,000","0.00K","0.00%"
"07/29/2020","3,000","3,000","3,000","3,000","0.08K","0.00%"
"07/16/2020","3,000","3,000","3,000","3,000","0.01K","0.00%"
"07/14/2020","3,000","3,000","3,000","3,000","0.00K","0.00%"
"07/13/2020","3,000","3,000","3,000","3,000","0.03K","0.00%"
"07/09/2020","3,000","3,000","3,000","3,000","0.01K","0.00%"
"07/06/2020","3,000","3,000","3,000","3,000","0.03K","0.00%"
"07/03/2020","3,000","3,000","3,000","3,000","0.01K","0.00%"
"07/02/2020","3,000","3,000","3,000","3,000","0.02K","0.00%"
"07/01/2020","3,000","3,000","3,000","3,000","0.02K","0.00%"
"06/26/2020","3,000","3,000","3,000","3,000","0.30K","-3.23%"
"06/24/2020","3,100","3,100","3,100","3,100","0.00K","0.00%"
"06/22/2020","3,100","3,100","3,100","3,100","0.01K","-1.59%"
"06/19/2020","3,150","3,150","3,150","3,150","0.01K","0.00%"
"06/12/2020","3,150","3,150","3,150","3,150","0.01K","0.00%"
"06/11/2020","3,150","3,150","3,150","3,150","0.00K","0.00%"
"06/10/2020","3,150","3,150","3,150","3,150","0.01K","0.00%"
"06/09/2020","3,150","3,150","3,150","3,150","0.01K","5.00%"
"06/08/2020","3,000","3,000","3,000","3,000","0.03K","0.00%"
"06/05/2020","3,000","3,000","3,000","3,000","0.05K","0.00%"
"06/04/2020","3,000","3,000","3,000","3,000","0.01K","0.00%"
"06/03/2020","3,000","3,000","3,000","3,000","0.01K","0.00%"
"05/15/2020","3,000","3,000","3,000","3,000","0.05K","0.00%"
"05/14/2020","3,000","3,000","3,000","3,000","0.01K","3.45%"
"05/13/2020","2,900","2,900","2,900","2,900","0.06K","0.00%"
"05/12/2020","2,900","2,900","2,900","2,900","0.02K","0.00%"
"05/11/2020","2,900","2,900","2,900","2,900","0.02K","0.00%"
"05/08/2020","2,900","2,900","2,900","2,900","0.02K","0.00%"
"04/22/2020","2,900","2,900","2,900","2,900","0.00K","0.00%"
"04/21/2020","2,900","2,900","2,900","2,900","0.00K","0.00%"
"04/20/2020","2,900","2,900","2,900","2,900","0.06K","0.00%"
"04/17/2020","2,900","2,900","2,900","2,900","0.07K","0.00%"
"04/15/2020","2,900","2,900","2,900","2,900","0.01K","0.00%"
"04/10/2020","2,900","2,900","2,900","2,900","0.01K","0.00%"
"04/09/2020","2,900","2,900","2,900","2,900","0.05K","0.00%"
"04/08/2020","2,900","2,900","2,900","2,900","0.01K","0.00%"
"04/02/2020","2,900","2,900","2,900","2,900","0.01K","0.00%"
"03/31/2020","2,900","2,900","2,900","2,900","0.96K","0.00%"
"03/30/2020","2,900","2,900","2,900","2,900","0.04K","0.00%"
"03/27/2020","2,900","2,900","2,900","2,900","0.03K","0.00%"
"03/26/2020","2,900","2,900","2,900","2,900","0.21K","-0.17%"
"03/25/2020","2,905","2,905","2,905","2,905","0.07K","-3.17%"
"03/23/2020","3,000","3,000","3,000","3,000","0.06K","3.45%"
"03/16/2020","2,900","2,900","2,900","2,900","0.12K","-3.33%"
"03/13/2020","3,000","3,000","3,000","3,000","0.00K","0.00%"
"03/11/2020","3,000","3,000","3,000","3,000","0.16K","-6.25%"
"03/09/2020","3,200","3,200","3,200","3,200","0.03K","0.00%"
"03/06/2020","3,200","3,200","3,200","3,200","0.00K","0.00%"
"03/04/2020","3,200","3,200","3,200","3,200","0.01K","-3.76%"
"03/03/2020","3,325","3,325","3,325","3,325","0.01K","6.74%"
"03/02/2020","3,115","3,115","3,115","3,115","0.00K","-6.32%"
"02/28/2020","3,325","3,325","3,325","3,325","0.05K","-0.45%"
"02/27/2020","3,340","3,340","3,340","3,340","0.03K","0.00%"
"02/26/2020","3,340","3,340","3,340","3,340","0.31K","-0.15%"
"02/24/2020","3,345","3,345","3,345","3,345","1.06K","0.00%"
"02/21/2020","3,345","3,345","3,345","3,345","0.04K","0.00%"
"02/20/2020","3,345","3,345","3,345","3,345","0.05K","-0.15%"
"02/18/2020","3,350","3,350","3,350","3,350","0.01K","0.00%"
"02/17/2020","3,350","3,350","3,350","3,350","0.83K","0.15%"
"02/14/2020","3,345","3,345","3,345","3,345","0.44K","0.00%"
"02/13/2020","3,345","3,345","3,345","3,345","0.39K","0.00%"
"02/12/2020","3,345","3,345","3,345","3,345","0.13K","0.00%"
"02/10/2020","3,345","3,345","3,345","3,345","1.14K","7.38%"
"02/07/2020","3,115","3,115","3,115","3,115","0.04K","0.00%"
"02/06/2020","3,115","3,115","3,115","3,115","0.13K","7.41%"
"02/03/2020","2,900","2,900","2,900","2,900","0.25K","0.00%"
"01/30/2020","2,900","2,900","2,900","2,900","0.07K","0.00%"
"01/29/2020","2,900","2,900","2,900","2,900","0.01K","0.87%"
"01/28/2020","2,875","2,875","2,875","2,875","0.11K","0.00%"
"01/27/2020","2,875","2,875","2,875","2,875","0.01K","0.00%"
"01/23/2020","2,875","2,875","2,875","2,875","0.50K","0.00%"
"01/21/2020","2,875","2,875","2,875","2,875","3.00K","0.00%"
"01/16/2020","2,875","2,875","2,875","2,875","5.05K","0.00%"
"01/14/2020","2,875","2,875","2,875","2,875","4.95K","0.00%"
"01/10/2020","2,875","2,875","2,875","2,875","1.98K","0.00%"
"01/09/2020","2,875","2,875","2,875","2,875","0.10K","0.00%"
"01/08/2020","2,875","2,875","2,875","2,875","0.01K","-0.69%"
"01/02/2020","2,895","2,895","2,895","2,895","0.50K","7.42%"
"12/31/2019","2,695","2,695","2,695","2,695","0.22K","0.00%"
"12/30/2019","2,695","2,695","2,695","2,695","0.02K","3.65%"
"12/27/2019","2,600","2,600","2,600","2,600","0.01K","0.00%"
"12/26/2019","2,600","2,600","2,600","2,600","3.47K","0.00%"
"12/20/2019","2,600","2,600","2,600","2,600","0.08K","-3.70%"
"12/19/2019","2,700","2,700","2,700","2,700","0.03K","0.00%"
"12/18/2019","2,700","2,700","2,700","2,700","0.01K","0.00%"
"12/17/2019","2,700","2,700","2,700","2,700","0.02K","0.00%"
"12/16/2019","2,700","2,700","2,700","2,700","0.00K","0.00%"
"12/13/2019","2,700","2,700","2,700","2,700","0.25K","0.00%"
"12/12/2019","2,700","2,700","2,700","2,700","0.02K","0.00%"
"12/10/2019","2,700","2,700","2,700","2,700","0.18K","0.00%"
"12/06/2019","2,700","2,700","2,700","2,700","5.26K","0.00%"
"12/05/2019","2,700","2,700","2,700","2,700","0.10K","0.00%"
"12/04/2019","2,700","2,700","2,700","2,700","0.06K","0.00%"
"11/29/2019","2,700","2,700","2,700","2,700","0.01K","0.00%"
"11/28/2019","2,700","2,700","2,700","2,700","0.06K","0.00%"
"11/27/2019","2,700","2,700","2,700","2,700","0.03K","0.00%"
"11/26/2019","2,700","2,700","2,700","2,700","0.70K","1.89%"
"11/25/2019","2,650","2,650","2,650","2,650","0.08K","-1.85%"
"11/22/2019","2,700","2,700","2,700","2,700","0.46K","0.00%"
"11/21/2019","2,700","2,700","2,700","2,700","0.14K","0.19%"
"11/20/2019","2,695","2,695","2,695","2,695","0.20K","0.00%"
"11/19/2019","2,695","2,695","2,695","2,695","0.32K","-0.19%"
"11/18/2019","2,700","2,700","2,700","2,700","0.38K","3.85%"
"11/14/2019","2,600","2,600","2,600","2,600","5.76K","-1.89%"
"11/13/2019","2,650","2,650","2,650","2,650","0.40K","6.00%"
"11/12/2019","2,500","2,500","2,500","2,500","0.40K","7.30%"
"11/08/2019","2,330","2,330","2,330","2,330","0.01K","7.13%"
"11/06/2019","2,175","2,175","2,175","2,175","0.01K","7.41%"
"10/30/2019","2,025","2,025","2,025","2,025","0.00K","7.43%"
"10/29/2019","1,885","1,885","1,885","1,885","0.02K","0.53%"
"10/28/2019","1,875","1,875","1,875","1,875","0.08K","0.00%"
"10/24/2019","1,875","1,875","1,875","1,875","0.32K","0.00%"
"10/23/2019","1,875","1,875","1,875","1,875","0.32K","-2.45%"
"10/22/2019","1,922","1,922","1,922","1,922","0.32K","0.00%"
"10/18/2019","1,922","1,922","1,922","1,922","0.06K","3.39%"
"10/17/2019","1,859","1,859","1,859","1,859","0.26K","0.00%"
"10/16/2019","1,859","1,859","1,859","1,859","0.06K","-0.85%"
"10/15/2019","1,875","1,875","1,875","1,875","0.06K","-2.45%"
"10/14/2019","1,922","1,922","1,922","1,922","0.26K","0.00%"
"10/11/2019","1,922","1,922","1,922","1,922","0.06K","0.00%"
"10/09/2019","1,922","1,922","1,922","1,922","0.32K","0.00%"
"10/08/2019","1,922","1,922","1,922","1,922","0.45K","2.51%"
"10/04/2019","1,875","1,875","1,875","1,875","1.15K","0.00%"
"09/19/2019","1,875","1,875","1,875","1,875","0.51K","0.00%"
"09/17/2019","1,875","1,875","1,875","1,875","2.50K","-6.25%"
"09/12/2019","2,000","2,000","2,000","2,000","0.77K","0.00%"
"09/11/2019","2,000","2,000","2,000","2,000","0.06K","-0.40%"
"09/10/2019","2,008","2,008","2,008","2,008","0.19K","0.00%"
"09/09/2019","2,008","2,008","2,008","2,008","3.20K","0.40%"
"08/28/2019","2,000","2,000","2,000","2,000","0.45K","-0.40%"
"08/27/2019","2,008","2,008","2,008","2,008","1.22K","0.40%"
"08/20/2019","2,000","2,000","2,000","2,000","0.06K","-0.05%"
"07/29/2019","2,001","2,001","2,001","2,001","0.32K","7.52%"
"07/23/2019","1,861","1,861","1,861","1,861","0.06K","0.00%"
"07/19/2019","1,861","1,861","1,861","1,861","0.06K","0.11%"
"07/02/2019","1,859","1,859","1,859","1,859","0.06K","0.00%"
"07/01/2019","1,859","1,859","1,859","1,859","0.13K","0.00%"
"06/13/2019","1,859","1,859","1,859","1,859","0.51K","0.00%"
"06/07/2019","1,859","1,859","1,859","1,859","0.13K","0.00%"
"05/31/2019","1,859","1,859","1,859","1,859","0.06K","0.00%"
"05/24/2019","1,859","1,859","1,859","1,859","1.09K","0.00%"
"05/17/2019","1,859","1,859","1,859","1,859","2.69K","0.00%"
"05/15/2019","1,859","1,859","1,859","1,859","8.51K","0.81%"
"05/14/2019","1,844","1,844","1,844","1,844","0.06K","0.00%"
"05/13/2019","1,844","1,844","1,844","1,844","0.32K","-1.23%"
"04/30/2019","1,867","1,867","1,867","1,867","0.06K","-0.43%"
"04/10/2019","1,875","1,875","1,875","1,875","3.84K","0.11%"
"04/02/2019","1,873","1,873","1,873","1,873","0.13K","-0.05%"
"03/29/2019","1,874","1,874","1,874","1,874","0.13K","-1.68%"
"02/01/2019","1,906","1,906","1,906","1,906","0.19K","0.00%"
"01/21/2019","1,906","1,906","1,906","1,906","0.06K","-1.60%"
"12/13/2018","1,937","1,937","1,937","1,937","0.06K","-0.82%"
"11/07/2018","1,953","1,953","1,953","1,953","0.70K","-0.76%"
"10/24/2018","1,968","1,968","1,968","1,968","0.06K","-1.99%"
"10/03/2018","2,008","2,008","2,008","2,008","0.70K","0.00%"
"10/02/2018","2,008","2,008","2,008","2,008","0.06K","0.00%"
"09/21/2018","2,008","2,008","2,008","2,008","0.19K","1.21%"
"09/18/2018","1,984","1,984","1,984","1,984","0.64K","-2.31%"
"09/05/2018","2,031","2,031","2,031","2,031","0.06K","0.00%"
"09/04/2018","2,031","2,031","2,031","2,031","0.06K","0.00%"
"08/29/2018","2,031","2,031","2,031","2,031","0.96K","-5.14%"
"08/28/2018","2,141","2,141","2,141","2,141","0.13K","0.00%"
"08/13/2018","2,141","2,141","2,141","2,141","0.06K","0.00%"
"08/10/2018","2,141","2,141","2,141","2,141","0.06K","-2.15%"
"08/09/2018","2,188","2,188","2,188","2,188","0.06K","0.00%"
"07/27/2018","2,188","2,188","2,188","2,188","0.13K","0.00%"
"07/23/2018","2,188","2,188","2,188","2,188","0.19K","0.00%"
"07/18/2018","2,188","2,188","2,188","2,188","0.26K","0.00%"
"07/17/2018","2,188","2,188","2,188","2,188","0.06K","2.20%"
"07/13/2018","2,141","2,141","2,141","2,141","0.32K","-2.15%"
"07/12/2018","2,188","2,188","2,188","2,188","0.32K","-5.36%"
"07/11/2018","2,312","2,312","2,312","2,312","0.32K","0.00%"
"07/10/2018","2,312","2,312","2,312","2,312","0.38K","0.00%"
"07/09/2018","2,312","2,312","2,312","2,312","0.06K","0.00%"
"07/06/2018","2,312","2,312","2,312","2,312","0.13K","-7.52%"
"07/05/2018","2,500","2,500","2,500","2,500","0.38K","-3.03%"
"07/02/2018","2,578","2,578","2,578","2,578","0.58K","-2.94%"
"06/29/2018","2,656","2,656","2,656","2,656","0.32K","-5.55%"
"06/26/2018","2,812","2,812","2,812","2,812","1.28K","0.00%"
"06/25/2018","2,812","2,812","2,812","2,812","0.45K","0.00%"
"06/19/2018","2,812","2,812","2,812","2,812","0.06K","0.00%"
"06/18/2018","2,812","2,812","2,812","2,812","0.51K","-1.61%"
"06/07/2018","2,858","2,858","2,858","2,858","0.06K","-0.59%"
"05/22/2018","2,875","2,875","2,875","2,875","0.06K","0.00%"
"05/17/2018","2,875","2,875","2,875","2,875","0.64K","2.24%"
"05/14/2018","2,812","2,812","2,812","2,812","0.06K","-2.19%"
"05/11/2018","2,875","2,875","2,875","2,875","0.19K","-0.55%"
"05/07/2018","2,891","2,891","2,891","2,891","0.32K","0.00%"
"04/30/2018","2,891","2,891","2,891","2,891","0.19K","0.00%"
"04/27/2018","2,891","2,891","2,891","2,891","0.70K","0.00%"
"04/26/2018","2,891","2,891","2,891","2,891","0.26K","0.00%"
"04/23/2018","2,891","2,891","2,891","2,891","1.92K","-2.63%"
"04/20/2018","2,969","2,969","2,969","2,969","2.56K","0.00%"
"04/19/2018","2,969","2,969","2,969","2,969","0.06K","2.70%"
"04/18/2018","2,891","2,891","2,891","2,891","2.62K","1.94%"
"04/16/2018","2,836","2,836","2,836","2,836","3.20K","-7.38%"
"04/13/2018","3,062","3,062","3,062","3,062","1.28K","0.00%"
"04/12/2018","3,062","3,062","3,062","3,062","2.62K","0.00%"
"04/11/2018","3,062","3,062","3,062","3,062","0.64K","-0.97%"
"04/04/2018","3,092","3,092","3,092","3,092","0.51K","0.00%"
"03/29/2018","3,092","3,092","3,092","3,092","0.51K","-0.48%"
"03/28/2018","3,107","3,107","3,107","3,107","0.96K","-7.50%"
"03/27/2018","3,359","3,359","3,359","3,359","0.06K","0.48%"
"03/23/2018","3,343","3,343","3,343","3,343","0.32K","0.00%"
"03/22/2018","3,343","3,343","3,343","3,343","0.13K","-7.47%"
"03/16/2018","3,613","3,613","3,613","3,613","0.06K","-7.50%"
"03/14/2018","3,906","3,906","3,906","3,906","0.06K","0.00%"
"03/09/2018","3,906","3,906","3,906","3,906","0.51K","0.00%"
"03/08/2018","3,906","3,906","3,906","3,906","0.64K","-6.49%"
"03/07/2018","4,177","4,177","4,177","4,177","0.06K","-7.51%"
"02/26/2018","4,516","4,516","4,516","4,516","0.13K","-0.33%"
"01/25/2018","4,531","4,531","4,531","4,531","0.13K","0.00%"
"01/19/2018","4,531","4,531","4,531","4,531","0.06K","0.00%"
"01/03/2018","4,531","4,531","4,531","4,531","0.06K","0.49%"
"12/29/2017","4,509","4,509","4,509","4,509","0.45K","0.00%"
"12/27/2017","4,509","4,509","4,509","4,509","0.26K","0.00%"
"12/13/2017","4,509","4,509","4,509","4,509","0.64K","-7.51%"
"11/03/2017","4,875","4,875","4,875","4,875","0.06K","-0.83%"
"10/26/2017","4,916","4,916","4,916","4,916","1.79K","0.00%"
"10/25/2017","4,916","4,916","4,916","4,916","0.45K","0.00%"
"10/24/2017","4,916","4,916","4,916","4,916","0.06K","0.00%"
"10/19/2017","4,916","4,916","4,916","4,916","0.13K","0.00%"
"10/18/2017","4,916","4,916","4,916","4,916","2.05K","-7.47%"
"10/13/2017","5,313","5,313","5,313","5,313","20.86K","0.02%"
"10/11/2017","5,312","5,312","5,312","5,312","4.99K","2.39%"
"10/10/2017","5,188","5,188","5,188","5,188","3.14K","0.00%"
"10/09/2017","5,188","5,188","5,188","5,188","0.13K","0.00%"
"10/06/2017","5,188","5,188","5,188","5,188","0.19K","0.00%"
"10/05/2017","5,188","5,188","5,188","5,188","1.09K","0.00%"
"10/04/2017","5,188","5,188","5,188","5,188","0.32K","0.31%"
"10/02/2017","5,172","5,172","5,172","5,172","0.38K","0.00%"
"09/29/2017","5,172","5,172","5,172","5,172","1.54K","0.31%"
"09/28/2017","5,156","5,156","5,156","5,156","0.45K","-98.44%"
"09/22/2017","330,000","330,000","330,000","330,000","0.00K","-2.94%"
"09/15/2017","340,000","340,000","340,000","340,000","0.00K","0.00%"
"09/08/2017","340,000","340,000","340,000","340,000","0.00K","0.00%"
"09/07/2017","340,000","340,000","340,000","340,000","0.01K","0.00%"
"09/05/2017","340,000","340,000","340,000","340,000","0.00K","6.25%"
"09/04/2017","320,000","320,000","320,000","320,000","0.00K","-5.88%"
"08/31/2017","340,000","340,000","340,000","340,000","0.00K","0.00%"
"08/30/2017","340,000","340,000","340,000","340,000","0.03K","-6.85%"
"08/28/2017","365,000","365,000","365,000","365,000","0.00K","-7.10%"
"08/16/2017","392,910","392,910","392,910","392,910","0.49K","7.50%"
"08/14/2017","365,500","365,500","365,500","365,500","0.00K","7.50%"
"08/11/2017","340,000","340,000","340,000","340,000","0.00K","6.25%"
"08/10/2017","319,995","319,995","319,995","319,995","0.01K","6.72%"
"08/08/2017","299,855","299,855","299,855","299,855","0.00K","-0.05%"
"08/02/2017","300,000","300,000","300,000","300,000","0.00K","0.00%"
"08/01/2017","300,000","300,000","300,000","300,000","0.01K","4.17%"
"07/31/2017","288,000","288,000","288,000","288,000","0.00K","0.00%"
"07/28/2017","288,000","288,000","288,000","288,000","0.01K","0.00%"
"07/19/2017","288,000","288,000","288,000","288,000","0.00K","0.00%"
"07/18/2017","288,000","288,000","288,000","288,000","0.00K","0.00%"
"07/17/2017","288,000","288,000","288,000","288,000","0.00K","0.00%"
"07/14/2017","287,995","287,995","287,995","287,995","0.00K","7.46%"
"07/12/2017","268,000","268,000","268,000","268,000","0.00K","0.00%"
"07/10/2017","268,000","268,000","268,000","268,000","0.05K","7.20%"
"07/05/2017","250,000","250,000","250,000","250,000","0.01K","0.00%"
"07/03/2017","250,000","250,000","250,000","250,000","0.00K","0.00%"
"06/29/2017","250,000","250,000","250,000","250,000","0.00K","-1.87%"
"06/28/2017","254,775","254,775","254,775","254,775","0.00K","6.16%"
"06/20/2017","240,000","240,000","240,000","240,000","0.00K","1.27%"
"06/07/2017","237,000","237,000","237,000","237,000","0.00K","3.04%"
"05/31/2017","230,000","230,000","230,000","230,000","0.02K","2.22%"
"05/19/2017","225,000","225,000","225,000","225,000","0.01K","0.00%"
"05/18/2017","225,000","225,000","225,000","225,000","0.13K","0.00%"
"05/17/2017","225,000","225,000","225,000","225,000","0.00K","0.00%"
"05/16/2017","225,000","225,000","225,000","225,000","0.01K","0.00%"
"05/10/2017","225,000","225,000","225,000","225,000","0.01K","0.00%"
"05/04/2017","225,000","225,000","225,000","225,000","0.00K","0.00%"
"04/27/2017","225,000","225,000","225,000","225,000","0.00K","0.00%"
"04/26/2017","225,000","225,000","225,000","225,000","0.01K","0.00%"
"04/25/2017","225,000","225,000","225,000","225,000","0.03K","0.00%"
"04/21/2017","225,000","225,000","225,000","225,000","0.00K","0.00%"
"04/20/2017","225,000","225,000","225,000","225,000","0.01K","0.00%"
"04/18/2017","225,000","225,000","225,000","225,000","0.01K","0.00%"
"04/14/2017","225,000","225,000","225,000","225,000","0.00K","0.00%"
"04/13/2017","225,000","225,000","225,000","225,000","0.01K","-6.25%"
"04/10/2017","240,000","240,000","240,000","240,000","0.00K","6.67%"
"04/07/2017","225,000","225,000","225,000","225,000","0.00K","0.00%"
"04/05/2017","225,000","225,000","225,000","225,000","0.00K","0.00%"
"04/04/2017","225,000","225,000","225,000","225,000","0.00K","-6.25%"
"04/03/2017","240,000","240,000","240,000","240,000","0.02K","0.00%"
"03/31/2017","240,000","240,000","240,000","240,000","0.01K","-6.98%"
"03/30/2017","258,000","258,000","258,000","258,000","0.01K","0.00%"
"03/28/2017","258,000","258,000","258,000","258,000","0.00K","-1.53%"
"03/20/2017","262,000","262,000","262,000","262,000","0.00K","0.00%"
"03/17/2017","262,000","262,000","262,000","262,000","0.00K","0.38%"
"03/16/2017","261,000","261,000","261,000","261,000","0.00K","0.00%"
"03/14/2017","261,000","261,000","261,000","261,000","0.01K","0.35%"
"03/13/2017","260,100","260,100","260,100","260,100","0.00K","-7.11%"
"03/08/2017","280,000","280,000","280,000","280,000","0.01K","-1.75%"
"03/03/2017","285,000","285,000","285,000","285,000","0.02K","-1.72%"
"03/02/2017","289,995","289,995","289,995","289,995","0.00K","-3.34%"
"03/01/2017","300,000","300,000","300,000","300,000","0.00K","0.00%"
"02/28/2017","300,000","300,000","300,000","300,000","0.00K","0.00%"
"02/27/2017","300,000","300,000","300,000","300,000","0.07K","0.00%"
"02/24/2017","300,000","300,000","300,000","300,000","0.00K","4.71%"
"02/23/2017","286,500","286,500","286,500","286,500","0.00K","-4.50%"
"02/22/2017","300,000","300,000","300,000","300,000","0.03K","5.26%"
"02/15/2017","285,000","285,000","285,000","285,000","0.01K","-5.00%"
"02/14/2017","300,000","300,000","300,000","300,000","0.00K","5.26%"
"02/13/2017","285,000","285,000","285,000","285,000","0.00K","-5.00%"
"02/10/2017","300,000","300,000","300,000","300,000","0.00K","0.00%"
"02/06/2017","300,000","300,000","300,000","300,000","0.00K","0.00%"
"02/02/2017","300,000","300,000","300,000","300,000","0.01K","0.00%"
"01/24/2017","300,000","300,000","300,000","300,000","0.01K","3.27%"
"01/23/2017","290,500","290,500","290,500","290,500","0.00K","0.00%"
"01/20/2017","290,500","290,500","290,500","290,500","0.00K","0.17%"
"01/18/2017","290,000","290,000","290,000","290,000","0.00K","0.00%"
"01/17/2017","290,000","290,000","290,000","290,000","0.00K","0.00%"
"01/16/2017","290,000","290,000","290,000","290,000","0.00K","-3.53%"
"01/13/2017","300,625","300,625","300,625","300,625","0.00K","-7.50%"
"01/10/2017","325,000","325,000","325,000","325,000","0.00K","0.00%"
"01/09/2017","325,000","325,000","325,000","325,000","0.00K","-7.14%"
"01/06/2017","350,000","350,000","350,000","350,000","0.00K","0.00%"
"01/05/2017","350,000","350,000","350,000","350,000","0.03K","-5.53%"
"01/04/2017","370,500","370,500","370,500","370,500","0.00K","23.50%"
"01/02/2017","300,000","400,000","400,000","300,000","0.01K","-29.41%"
"12/20/2016","425,000","425,000","425,000","425,000","0.00K","-1.16%"
"12/02/2016","430,000","430,000","430,000","430,000","0.00K","1.18%"
"11/30/2016","425,000","425,000","425,000","425,000","0.00K","3.66%"
"11/29/2016","410,000","410,000","410,000","410,000","0.02K","0.00%"
"11/28/2016","410,000","410,000","410,000","410,000","0.00K","3.02%"
"11/24/2016","397,995","397,995","397,995","397,995","0.00K","2.84%"
"11/23/2016","387,000","387,000","387,000","387,000","0.00K","7.50%"
"11/18/2016","360,000","360,000","360,000","360,000","0.00K","5.88%"
"11/17/2016","340,000","340,000","340,000","340,000","0.00K","-2.86%"
"11/16/2016","350,000","350,000","350,000","350,000","0.00K","0.00%"
"11/14/2016","350,000","350,000","350,000","350,000","0.02K","-5.66%"
"11/09/2016","371,000","371,000","371,000","371,000","0.02K","0.27%"
"11/04/2016","370,000","370,000","370,000","370,000","0.00K","-0.27%"
"11/02/2016","371,000","371,000","371,000","371,000","0.00K","0.00%"
"10/25/2016","371,005","371,005","371,005","371,005","0.00K","0.00%"
"10/24/2016","371,000","371,000","371,000","371,000","0.00K","0.27%"
"10/18/2016","370,000","370,000","370,000","370,000","0.02K","-0.27%"
"10/14/2016","371,005","371,005","371,005","371,005","0.00K","0.27%"
"10/10/2016","370,000","370,000","370,000","370,000","0.02K","0.00%"
"10/06/2016","370,000","370,000","370,000","370,000","0.00K","2.78%"
"10/05/2016","360,000","360,000","360,000","360,000","0.02K","-1.37%"
"10/04/2016","365,000","365,000","365,000","365,000","0.00K","0.00%"
"10/03/2016","365,000","365,000","365,000","365,000","0.02K","1.39%"
"09/30/2016","360,000","360,000","360,000","360,000","0.00K","-2.70%"
"09/29/2016","370,000","370,000","370,000","370,000","0.02K","-2.63%"
"09/28/2016","380,000","380,000","380,000","380,000","0.00K","-5.00%"
"09/27/2016","399,995","399,995","399,995","399,995","0.00K","0.00%"
"09/23/2016","400,000","400,000","400,000","400,000","0.05K","-2.68%"
"09/22/2016","411,000","411,000","411,000","411,000","0.02K","-7.43%"
"09/20/2016","444,000","444,000","444,000","444,000","0.00K","-7.31%"
"09/14/2016","479,000","479,000","479,000","479,000","0.01K","0.00%"
"09/13/2016","478,995","478,995","478,995","478,995","0.00K","-0.21%"
"09/08/2016","479,995","479,995","479,995","479,995","0.00K","0.00%"
"09/07/2016","480,000","480,000","480,000","480,000","0.00K","-3.03%"
"09/06/2016","495,000","495,000","495,000","495,000","0.00K","-0.80%"
"09/01/2016","498,995","498,995","498,995","498,995","0.01K","0.02%"
"08/24/2016","498,900","498,900","498,900","498,900","0.03K","-0.22%"
"08/10/2016","500,000","500,000","500,000","500,000","0.01K","0.20%"
"08/05/2016","499,000","499,000","499,000","499,000","0.01K","0.00%"
"08/02/2016","499,000","499,000","499,000","499,000","0.01K","0.00%"
"07/25/2016","499,000","499,000","499,000","499,000","0.00K","5.05%"
"07/21/2016","475,000","475,000","475,000","475,000","0.02K","0.00%"
"07/12/2016","475,015","475,015","475,015","475,015","0.01K","0.00%"
"07/11/2016","475,015","475,015","475,015","475,015","0.01K","-5.00%"
"07/07/2016","500,000","500,000","500,000","500,000","0.01K","5.26%"
"07/05/2016","475,015","475,015","475,015","475,015","0.01K","-7.46%"
"06/22/2016","513,290","513,290","513,290","513,290","0.02K","-7.50%"
"06/17/2016","554,905","554,905","554,905","554,905","0.01K","-7.50%"
"06/10/2016","599,890","599,890","599,890","599,890","0.00K","-0.02%"
"06/08/2016","599,995","599,995","599,995","599,995","0.04K","0.00%"
"06/07/2016","600,000","600,000","600,000","600,000","0.04K","-2.28%"
"05/31/2016","614,000","614,000","614,000","614,000","0.01K","-0.16%"
"05/27/2016","615,000","615,000","615,000","615,000","0.21K","0.00%"
"05/26/2016","615,000","615,000","615,000","615,000","0.16K","7.33%"
"05/25/2016","573,000","573,000","573,000","573,000","0.05K","-7.43%"
"05/24/2016","619,000","619,000","619,000","619,000","0.03K","-0.12%"
"05/23/2016","619,750","619,750","619,750","619,750","0.01K","0.00%"
"05/20/2016","619,750","619,750","619,750","619,750","0.00K","-7.50%"
"05/18/2016","670,000","670,000","670,000","670,000","0.01K","3.08%"
"05/12/2016","650,000","650,000","650,000","650,000","0.01K","-4.41%"
"05/10/2016","679,990","679,990","679,990","679,990","0.02K","0.00%"
"05/06/2016","680,000","680,000","680,000","680,000","0.07K","-1.45%"
"04/29/2016","690,000","690,000","690,000","690,000","0.02K","1.62%"
"04/28/2016","679,000","679,000","679,000","679,000","0.00K","6.43%"
"04/27/2016","638,000","638,000","638,000","638,000","0.06K","-1.85%"
"04/19/2016","650,000","650,000","650,000","650,000","0.00K","0.00%"
"04/18/2016","650,000","650,000","650,000","650,000","0.00K","2.36%"
"04/15/2016","635,000","635,000","635,000","635,000","0.00K","-0.78%"
"04/11/2016","640,000","640,000","640,000","640,000","0.01K","0.00%"
"04/08/2016","640,000","640,000","640,000","640,000","0.01K","-7.25%"
"04/05/2016","690,000","690,000","690,000","690,000","0.01K","-1.29%"
"03/31/2016","699,000","699,000","699,000","699,000","0.02K","-0.07%"
"03/30/2016","699,500","699,500","699,500","699,500","0.00K","5.46%"
"03/29/2016","663,280","663,280","663,280","663,280","0.03K","2.00%"
"03/24/2016","650,275","650,275","650,275","650,275","0.03K","-7.50%"
"03/22/2016","703,000","703,000","703,000","703,000","0.11K","5.56%"
"03/21/2016","666,000","666,000","666,000","666,000","0.03K","-7.50%"
"03/16/2016","720,000","720,000","720,000","720,000","0.02K","-0.69%"
"03/11/2016","725,000","725,000","725,000","725,000","0.05K","0.00%"
"03/10/2016","725,000","725,000","725,000","725,000","0.02K","0.69%"
"03/08/2016","720,000","720,000","720,000","720,000","0.01K","7.46%"
"03/07/2016","670,005","670,005","670,005","670,005","0.02K","7.37%"
"03/04/2016","624,000","624,000","624,000","624,000","0.00K","7.40%"
"03/03/2016","581,000","581,000","581,000","581,000","0.00K","1.93%"
"03/02/2016","570,000","570,000","570,000","570,000","0.07K","0.53%"
"03/01/2016","567,000","567,000","567,000","567,000","0.01K","0.35%"
"02/29/2016","565,000","565,000","565,000","565,000","0.01K","0.18%"
"02/24/2016","564,000","564,000","564,000","564,000","0.08K","1.87%"
"02/23/2016","553,625","553,625","553,625","553,625","0.10K","7.50%"
"02/19/2016","515,000","515,000","515,000","515,000","0.03K","0.98%"
"02/18/2016","510,000","510,000","510,000","510,000","0.00K","6.69%"
"02/15/2016","478,000","478,000","478,000","478,000","0.00K","7.30%"
"02/09/2016","445,500","445,500","445,500","445,500","0.00K","0.11%"
"02/08/2016","445,000","445,000","445,000","445,000","0.01K","1.14%"
"02/05/2016","440,000","440,000","440,000","440,000","0.02K","0.30%"
"01/29/2016","438,700","438,700","438,700","438,700","0.02K","2.00%"
"01/22/2016","430,100","430,100","430,100","430,100","0.00K","-0.08%"
"01/20/2016","430,440","430,440","430,440","430,440","0.30K","2.00%"
"01/19/2016","422,000","422,000","422,000","422,000","0.01K","0.00%"
"01/14/2016","422,000","422,000","422,000","422,000","0.01K","1.44%"
"01/13/2016","416,000","416,000","416,000","416,000","0.00K","-0.95%"
"01/12/2016","420,000","420,000","420,000","420,000","0.01K","-2.89%"
"01/08/2016","432,500","432,500","432,500","432,500","0.00K","3.97%"
"01/06/2016","416,000","416,000","416,000","416,000","0.30K","1.96%"
"01/05/2016","408,000","408,000","408,000","408,000","0.00K","0.00%"
"01/04/2016","408,000","408,000","408,000","408,000","0.01K","0.74%"
"12/31/2015","405,000","405,000","405,000","405,000","0.00K","1.25%"
"12/30/2015","400,000","400,000","400,000","400,000","0.00K","-0.74%"
"12/28/2015","403,000","403,000","403,000","403,000","0.02K","-0.49%"
"12/21/2015","405,000","405,000","405,000","405,000","0.01K","-0.74%"
"12/18/2015","408,000","408,000","408,000","408,000","0.01K","1.75%"
"12/16/2015","401,000","401,000","401,000","401,000","0.02K","0.12%"
"12/15/2015","400,500","400,500","400,500","400,500","0.01K","0.00%"
"12/14/2015","400,500","400,500","400,500","400,500","0.01K","-1.84%"
"12/07/2015","408,000","408,000","408,000","408,000","0.03K","7.23%"
"12/03/2015","380,500","380,500","380,500","380,500","0.02K","0.00%"
"12/01/2015","380,500","380,500","380,500","380,500","0.00K","-5.35%"
"11/30/2015","402,000","402,000","402,000","402,000","0.03K","0.00%"
"11/26/2015","402,000","402,000","402,000","402,000","0.27K","0.50%"
"11/20/2015","400,000","400,000","400,000","400,000","0.00K","-0.50%"
"11/17/2015","402,000","402,000","402,000","402,000","0.02K","3.21%"
"11/16/2015","389,500","389,500","389,500","389,500","0.01K","-5.00%"
"11/13/2015","410,000","410,000","410,000","410,000","0.01K","2.50%"
"11/11/2015","400,000","400,000","400,000","400,000","0.00K","2.87%"
"11/10/2015","388,825","388,825","388,825","388,825","0.01K","7.50%"
"11/09/2015","361,700","361,700","361,700","361,700","0.32K","0.00%"
"11/06/2015","361,700","361,700","361,700","361,700","0.01K","7.50%"
"10/29/2015","336,475","336,475","336,475","336,475","0.04K","7.50%"
"10/28/2015","313,000","313,000","313,000","313,000","0.01K","0.95%"
"10/23/2015","310,055","310,055","310,055","310,055","0.02K","0.34%"
"10/16/2015","309,005","309,005","309,005","309,005","0.02K","0.51%"
"10/14/2015","307,430","307,430","307,430","307,430","0.02K","-4.82%"
"10/12/2015","323,000","323,000","323,000","323,000","0.00K","1.92%"
"10/09/2015","316,910","316,910","316,910","316,910","0.01K","7.50%"
"10/08/2015","294,800","294,800","294,800","294,800","0.25K","1.30%"
"10/07/2015","291,005","291,005","291,005","291,005","0.00K","0.26%"
"10/05/2015","290,250","290,250","290,250","290,250","0.02K","1.13%"
"10/02/2015","287,000","287,000","287,000","287,000","0.00K","6.30%"
"10/01/2015","270,000","270,000","270,000","270,000","0.01K","-5.92%"
"09/30/2015","287,000","287,000","287,000","287,000","0.00K","7.49%"
"09/25/2015","267,005","267,005","267,005","267,005","0.05K","0.00%"
"09/23/2015","267,000","267,000","267,000","267,000","0.04K","0.00%"
"09/22/2015","267,000","267,000","267,000","267,000","0.01K","0.34%"
"09/21/2015","266,100","266,100","266,100","266,100","0.02K","-6.87%"
"09/16/2015","285,735","285,735","285,735","285,735","0.01K","7.50%"
"09/15/2015","265,800","265,800","265,800","265,800","0.00K","7.50%"
"09/07/2015","247,260","247,260","247,260","247,260","0.00K","0.00%"
"08/28/2015","247,250","247,250","247,250","247,250","0.00K","7.50%"
"08/27/2015","230,000","230,000","230,000","230,000","0.00K","5.75%"
"08/18/2015","217,500","217,500","217,500","217,500","0.00K","0.23%"
"08/12/2015","217,000","217,000","217,000","217,000","0.01K","0.00%"
"08/04/2015","217,000","217,000","217,000","217,000","0.00K","0.93%"
"07/30/2015","215,000","215,000","215,000","215,000","0.02K","0.00%"
"07/29/2015","215,000","215,000","215,000","215,000","0.01K","0.00%"
"07/28/2015","215,000","215,000","215,000","215,000","0.01K","-0.23%"
"07/27/2015","215,500","215,500","215,500","215,500","0.01K","0.23%"
"07/23/2015","215,000","215,000","215,000","215,000","0.00K","0.00%"
"07/20/2015","215,005","215,005","215,005","215,005","0.04K","1.18%"
"07/16/2015","212,505","212,505","212,505","212,505","0.04K","0.24%"
"07/13/2015","212,000","212,000","212,000","212,000","0.03K","0.00%"
"07/10/2015","212,000","212,000","212,000","212,000","0.07K","-1.24%"
"07/07/2015","214,665","214,665","214,665","214,665","0.03K","-7.50%"
"06/30/2015","232,065","232,065","232,065","232,065","0.00K","-11.92%"
"06/19/2015","263,480","263,480","263,480","263,480","0.15K","7.50%"
"06/18/2015","245,100","245,100","245,100","245,100","0.00K","7.50%"
"06/12/2015","228,000","228,000","228,000","228,000","0.06K","0.00%"
"06/11/2015","228,000","228,000","228,000","228,000","0.01K","0.00%"
"06/10/2015","228,000","228,000","228,000","228,000","0.01K","0.00%"
"06/09/2015","228,000","228,000","228,000","228,000","0.01K","0.00%"
"06/08/2015","228,000","228,000","228,000","228,000","0.01K","0.04%"
"06/04/2015","227,900","227,900","227,900","227,900","0.01K","7.50%"
"06/01/2015","212,000","212,000","212,000","212,000","0.02K","-3.64%"
"05/29/2015","220,000","220,000","220,000","220,000","0.06K","5.77%"
"05/28/2015","208,000","208,000","208,000","208,000","0.01K","0.48%"
"05/27/2015","207,000","207,000","207,000","207,000","0.01K","7.26%"
"05/26/2015","192,985","192,985","192,985","192,985","0.01K","0.00%"
"05/21/2015","192,985","192,985","192,985","192,985","0.02K","7.50%"
"05/19/2015","179,525","179,525","179,525","179,525","0.03K","2.00%"
"05/13/2015","176,005","176,005","176,005","176,005","0.01K","-0.28%"
"05/08/2015","176,500","176,500","176,500","176,500","0.00K","0.28%"
"05/07/2015","176,005","176,005","176,005","176,005","0.00K","-0.56%"
"05/05/2015","177,000","177,000","177,000","177,000","0.00K","0.57%"
"04/27/2015","176,005","176,005","176,005","176,005","0.01K","-0.11%"
"04/20/2015","176,200","176,200","176,200","176,200","0.03K","0.23%"
"04/15/2015","175,800","175,800","175,800","175,800","0.08K","-1.95%"
"04/02/2015","179,300","179,300","179,300","179,300","0.00K","0.00%"
"03/31/2015","179,300","179,300","179,300","179,300","0.02K","0.00%"
"03/30/2015","179,300","179,300","179,300","179,300","0.05K","-0.11%"
"03/27/2015","179,500","179,500","179,500","179,500","0.04K","1.99%"
"03/26/2015","176,000","176,000","176,000","176,000","0.01K","0.40%"
"03/25/2015","175,300","175,300","175,300","175,300","0.00K","0.06%"
"03/19/2015","175,200","175,200","175,200","175,200","0.00K","0.11%"
"03/03/2015","175,000","175,000","175,000","175,000","0.00K","0.00%"
"02/26/2015","175,000","175,000","175,000","175,000","0.00K","0.00%"
"02/24/2015","175,005","175,005","175,005","175,005","0.01K","0.00%"
"02/19/2015","175,000","175,000","175,000","175,000","0.01K","4.79%"
"02/12/2015","167,000","167,000","167,000","167,000","0.00K","0.00%"
"02/04/2015","167,000","167,000","167,000","167,000","0.00K","0.00%"
"01/27/2015","167,000","167,000","167,000","167,000","0.04K","0.00%"
"01/15/2015","167,000","167,000","167,000","167,000","0.00K","-1.18%"